"STATION","DATE","LATITUDE","LONGITUDE","ELEVATION","NAME","TEMP","TEMP_ATTRIBUTES","DEWP","DEWP_ATTRIBUTES","SLP","SLP_ATTRIBUTES","STP","STP_ATTRIBUTES","VISIB","VISIB_ATTRIBUTES","WDSP","WDSP_ATTRIBUTES","MXSPD","GUST","MAX","MAX_ATTRIBUTES","MIN","MIN_ATTRIBUTES","PRCP","PRCP_ATTRIBUTES","SNDP","FRSHTT"
"47662099999","2022-01-01","35.6833333","139.7666667","36.0","TOKYO, JA","  38.8","24","  12.2","24","1022.3","24","019.3","24"," 21.3"," 7","  7.2","24"," 13.0","999.9","  45.1","*","  30.2"," "," 0.00","G","999.9","000000"
"47662099999","2022-01-02","35.6833333","139.7666667","36.0","TOKYO, JA","  39.3","24","  24.3","24","1018.3","24","015.2","24"," 20.9"," 7","  3.8","24","  7.0","999.9","  45.1","*","  32.7"," "," 0.00","G","999.9","000000"
"47662099999","2022-01-03","35.6833333","139.7666667","36.0","TOKYO, JA","  41.2","24","  28.7","24","1014.5","24","011.5","24"," 16.0"," 7","  3.2","24","  5.1","999.9","  50.2","*","  32.9"," "," 0.00","G","999.9","000000"
"47662099999","2022-01-04","35.6833333","139.7666667","36.0","TOKYO, JA","  41.7","24","  20.4","24","1015.8","24","012.8","24"," 15.1"," 7","  6.2","24"," 13.0","999.9","  53.8","*","  33.1"," "," 0.00","G","999.9","000000"
"47662099999","2022-01-05","35.6833333","139.7666667","36.0","TOKYO, JA","  38.7","24","  15.8","24","1024.1","24","021.0","24"," 18.6"," 7","  5.9","24"," 14.0","999.9","  46.4","*","  33.6"," "," 0.00","G","999.9","000000"
"47662099999","2022-01-06","35.6833333","139.7666667","36.0","TOKYO, JA","  31.1","24","  27.8","24","1020.6","24","017.5","24","  6.5"," 7","  3.6","24","  6.0","999.9","  36.3","*","  26.4","*"," 0.00","G","999.9","001000"
"47662099999","2022-01-07","35.6833333","139.7666667","36.0","TOKYO, JA","  39.1","24","  21.3","24","1021.7","24","018.6","24"," 19.5"," 7","  5.4","24","  8.9","999.9","  46.2","*","  25.7"," "," 0.26","G","  2.8","000000"
"47662099999","2022-01-08","35.6833333","139.7666667","36.0","TOKYO, JA","  39.4","24","  25.4","24","1019.9","24","016.9","24"," 12.9"," 7","  3.2","24","  6.0","999.9","  47.7","*","  31.6"," "," 0.00","G","  0.4","000000"
"47662099999","2022-01-09","35.6833333","139.7666667","36.0","TOKYO, JA","  47.1","24","  27.9","24","1017.0","24","014.0","24"," 12.4"," 7","  3.2","24","  5.1","999.9","  55.6","*","  31.1"," "," 0.00","G","999.9","000000"
"47662099999","2022-01-10","35.6833333","139.7666667","36.0","TOKYO, JA","  45.2","24","  34.8","24","1017.7","24","014.7","24","  9.8"," 7","  3.7","24","  6.0","999.9","  48.7","*","  39.7","*"," 0.00","G","999.9","010000"
"47662099999","2022-01-11","35.6833333","139.7666667","36.0","TOKYO, JA","  41.0","23","  37.0","23","1000.2","23","997.3","23","  7.3"," 7","  4.8","23"," 11.1","999.9","  43.5","*","  37.2","*"," 0.18","G","999.9","010000"
"47662099999","2022-01-12","35.6833333","139.7666667","36.0","TOKYO, JA","  40.6","24","  17.0","24","1004.5","24","001.5","24"," 22.2"," 7","  6.8","24"," 11.1","999.9","  46.4","*","  36.3"," "," 0.45","G","999.9","000000"
"47662099999","2022-01-13","35.6833333","139.7666667","36.0","TOKYO, JA","  41.3","24","  22.2","24","1002.3","24","999.3","24"," 16.9"," 7","  7.6","24"," 11.1","999.9","  51.8","*","  34.3","*"," 0.00","G","999.9","000000"
"47662099999","2022-01-14","35.6833333","139.7666667","36.0","TOKYO, JA","  40.2","24","  13.4","24","1012.0","24","009.1","24"," 17.8"," 7","  8.1","24"," 15.0","999.9","  47.3","*","  33.3"," "," 0.00","G","999.9","000000"
"47662099999","2022-01-15","35.6833333","139.7666667","36.0","TOKYO, JA","  41.8","24","  22.2","24","1019.6","24","016.6","24"," 18.2"," 7","  4.8","24","  8.9","999.9","  49.8","*","  31.6"," "," 0.00","G","999.9","000000"
"47662099999","2022-01-16","35.6833333","139.7666667","36.0","TOKYO, JA","  42.0","24","  30.1","24","1015.0","24","012.0","24"," 13.3"," 7","  2.9","24","  6.0","999.9","  51.3","*","  32.5"," "," 0.00","G","999.9","000000"
"47662099999","2022-01-17","35.6833333","139.7666667","36.0","TOKYO, JA","  43.2","24","  25.9","24","1010.3","24","007.4","24"," 15.1"," 7","  3.8","24","  8.9","999.9","  50.7","*","  34.5"," "," 0.00","G","999.9","000000"
"47662099999","2022-01-18","35.6833333","139.7666667","36.0","TOKYO, JA","  39.0","24","  14.4","24","1015.2","24","012.2","24"," 18.6"," 7","  7.9","24"," 12.0","999.9","  47.3","*","  33.6","*"," 0.00","G","999.9","000000"
"47662099999","2022-01-19","35.6833333","139.7666667","36.0","TOKYO, JA","  38.0","24","  21.0","24","1015.0","24","012.0","24"," 17.3"," 7","  4.0","24","  8.0","999.9","  46.2","*","  31.1","*"," 0.00","G","999.9","000000"
"47662099999","2022-01-20","35.6833333","139.7666667","36.0","TOKYO, JA","  38.5","24","  20.6","24","1014.8","24","011.8","24"," 14.2"," 7","  8.0","24"," 15.9","999.9","  45.7","*","  30.2"," "," 0.00","G","999.9","000000"
"47662099999","2022-01-21","35.6833333","139.7666667","36.0","TOKYO, JA","  37.6","24","  14.7","24","1022.7","24","019.7","24"," 21.3"," 7","  7.2","24"," 12.0","999.9","  44.6","*","  30.4"," "," 0.00","G","999.9","000000"
"47662099999","2022-01-22","35.6833333","139.7666667","36.0","TOKYO, JA","  41.1","24","  21.3","24","1024.2","24","021.1","24"," 17.3"," 7","  4.3","24","  8.0","999.9","  48.2","*","  31.8"," "," 0.00","G","999.9","000000"
"47662099999","2022-01-23","35.6833333","139.7666667","36.0","TOKYO, JA","  42.3","24","  28.5","24","1017.3","24","014.3","24"," 11.1"," 7","  3.9","24","  7.0","999.9","  45.1","*","  34.9"," "," 0.00","G","999.9","010000"
"47662099999","2022-01-24","35.6833333","139.7666667","36.0","TOKYO, JA","  42.0","24","  24.0","24","1016.4","24","013.4","24","  9.3"," 7","  4.7","24","  8.0","999.9","  50.4","*","  33.8","*"," 0.00","G","999.9","000000"
"47662099999","2022-01-25","35.6833333","139.7666667","36.0","TOKYO, JA","  42.4","24","  32.1","24","1019.4","24","016.4","24","  8.5"," 7","  3.8","24","  6.0","999.9","  48.0","*","  32.5"," "," 0.00","G","999.9","010000"
"47662099999","2022-01-26","35.6833333","139.7666667","36.0","TOKYO, JA","  41.6","24","  36.0","24","1015.3","24","012.3","24","  6.7"," 7","  3.4","24","  7.0","999.9","  47.7","*","  36.1","*"," 0.00","G","999.9","010000"
"47662099999","2022-01-27","35.6833333","139.7666667","36.0","TOKYO, JA","  45.0","24","  21.2","24","1015.8","24","012.8","24"," 14.2"," 7","  6.6","24"," 11.1","999.9","  52.3","*","  35.6"," "," 0.00","G","999.9","000000"
"47662099999","2022-01-28","35.6833333","139.7666667","36.0","TOKYO, JA","  43.5","24","  21.8","24","1014.2","24","011.2","24"," 11.5"," 7","  4.8","24","  8.9","999.9","  51.1","*","  39.0","*"," 0.00","G","999.9","000000"
"47662099999","2022-01-29","35.6833333","139.7666667","36.0","TOKYO, JA","  42.0","24","  25.8","24","1011.3","24","008.3","24"," 13.3"," 7","  3.7","24","  8.0","999.9","  48.6","*","  36.5","*"," 0.00","G","999.9","000000"
"47662099999","2022-01-30","35.6833333","139.7666667","36.0","TOKYO, JA","  41.0","24","  17.8","24","1013.2","24","010.2","24"," 18.2"," 7","  6.0","24","  8.9","999.9","  46.8","*","  36.0"," "," 0.00","G","999.9","000000"
"47662099999","2022-01-31","35.6833333","139.7666667","36.0","TOKYO, JA","  40.6","24","  15.0","24","1016.2","24","013.2","24"," 18.2"," 7","  5.4","24","  9.9","999.9","  48.9","*","  35.1"," "," 0.00","G","999.9","000000"
"47662099999","2022-02-01","35.6833333","139.7666667","36.0","TOKYO, JA","  42.2","24","  25.4","24","1014.2","24","011.2","24"," 18.6"," 7","  5.1","24","  8.0","999.9","  50.4","*","  34.0"," "," 0.00","G","999.9","000000"
"47662099999","2022-02-02","35.6833333","139.7666667","36.0","TOKYO, JA","  41.6","24","  19.3","24","1017.5","24","014.5","24"," 16.4"," 7","  4.2","24","  9.9","999.9","  50.7","*","  33.6"," "," 0.00","G","999.9","000000"
"47662099999","2022-02-03","35.6833333","139.7666667","36.0","TOKYO, JA","  43.5","24","  20.5","24","1014.3","24","011.3","24","  9.3"," 7","  4.0","24","  7.0","999.9","  52.7","*","  33.1"," "," 0.00","G","999.9","000000"
"47662099999","2022-02-04","35.6833333","139.7666667","36.0","TOKYO, JA","  39.8","24","  23.7","24","1009.5","24","006.5","24"," 15.5"," 7","  3.9","24","  8.9","999.9","  46.4","*","  33.3","*"," 0.00","G","999.9","000000"
"47662099999","2022-02-05","35.6833333","139.7666667","36.0","TOKYO, JA","  36.8","24","  15.6","24","1010.8","24","007.8","24"," 17.8"," 7","  6.4","24"," 11.1","999.9","  46.0","*","  28.8","*"," 0.00","G","999.9","000000"
"47662099999","2022-02-06","35.6833333","139.7666667","36.0","TOKYO, JA","  37.5","20","  16.1","20","1016.4","20","013.4","20"," 15.5"," 7","  5.3","20","  9.9","999.9","  46.8"," ","  28.6"," "," 0.00","G","999.9","000000"
"47662099999","2022-02-07","35.6833333","139.7666667","36.0","TOKYO, JA","  41.2","24","  15.9","24","1021.7","24","018.7","24"," 18.6"," 7","  4.7","24"," 11.1","999.9","  48.2","*","  31.1"," "," 0.00","G","999.9","000000"
"47662099999","2022-02-08","35.6833333","139.7666667","36.0","TOKYO, JA","  41.9","24","  28.1","24","1022.0","24","019.0","24"," 10.2"," 7","  3.7","24","  8.0","999.9","  47.5","*","  36.0"," "," 0.00","G","999.9","000000"
"47662099999","2022-02-09","35.6833333","139.7666667","36.0","TOKYO, JA","  43.4","24","  27.4","24","1022.6","24","019.6","24"," 10.2"," 7","  5.0","24","  6.0","999.9","  49.3","*","  35.2"," "," 0.00","G","999.9","010000"
"47662099999","2022-02-10","35.6833333","139.7666667","36.0","TOKYO, JA","  34.2","24","  33.5","24","1017.6","24","014.5","24","  2.5"," 7","  5.4","24","  8.0","999.9","  36.0","*","  33.1","*"," 0.08","G","999.9","011000"
"47662099999","2022-02-11","35.6833333","139.7666667","36.0","TOKYO, JA","  39.8","24","  30.4","24","1022.0","24","019.0","24"," 16.0"," 7","  4.9","24","  8.9","999.9","  47.5","*","  32.5","*"," 1.08","G","  0.8","010000"
"47662099999","2022-02-12","35.6833333","139.7666667","36.0","TOKYO, JA","  40.8","24","  28.6","24","1023.1","24","020.1","24"," 14.2"," 7","  3.8","24","  7.0","999.9","  48.2","*","  32.4"," "," 0.00","G","999.9","000000"
"47662099999","2022-02-13","35.6833333","139.7666667","36.0","TOKYO, JA","  37.3","23","  35.0","23","1019.7","23","016.7","23","  4.2"," 7","  4.1","23","  8.0","999.9","  40.6","*","  33.6","*"," 0.00","G","999.9","010000"
"47662099999","2022-02-14","35.6833333","139.7666667","36.0","TOKYO, JA","  39.3","24","  31.0","24","1018.3","24","015.3","24","  8.4"," 7","  3.3","24","  6.0","999.9","  45.5","*","  33.4"," "," 1.02","G","999.9","000000"
"47662099999","2022-02-15","35.6833333","139.7666667","36.0","TOKYO, JA","  42.2","24","  33.8","24","1009.5","24","006.5","24","  7.3"," 7","  4.3","24","  7.0","999.9","  52.0","*","  34.0"," "," 0.00","G","999.9","000000"
"47662099999","2022-02-16","35.6833333","139.7666667","36.0","TOKYO, JA","  42.8","24","  23.7","24","1006.2","24","003.2","24"," 16.4"," 7","  4.5","24","  7.0","999.9","  51.3","*","  34.3"," "," 0.00","G","999.9","000000"
"47662099999","2022-02-17","35.6833333","139.7666667","36.0","TOKYO, JA","  39.7","24","  11.9","24","1013.9","24","010.9","24"," 19.5"," 7","  5.7","24","  9.9","999.9","  48.2","*","  32.7","*"," 0.00","G","999.9","000000"
"47662099999","2022-02-18","35.6833333","139.7666667","36.0","TOKYO, JA","  42.6","24","  23.4","24","1025.3","24","022.3","24"," 20.0"," 7","  6.2","24"," 15.0","999.9","  51.1","*","  31.6"," "," 0.00","G","999.9","000000"
"47662099999","2022-02-19","35.6833333","139.7666667","36.0","TOKYO, JA","  42.2","24","  36.7","24","1013.8","24","010.8","24","  8.2"," 7","  3.4","24","  8.9","999.9","  46.9","*","  34.7"," "," 0.00","G","999.9","010000"
"47662099999","2022-02-20","35.6833333","139.7666667","36.0","TOKYO, JA","  41.0","24","  25.9","24","1006.3","24","003.4","24"," 14.8"," 7","  7.4","24"," 12.0","999.9","  48.6","*","  34.5","*"," 0.61","G","999.9","010000"
"47662099999","2022-02-21","35.6833333","139.7666667","36.0","TOKYO, JA","  39.0","24","  13.0","24","1016.0","24","013.0","24"," 23.5"," 7","  5.7","24"," 11.1","999.9","  46.4","*","  32.0","*"," 0.00","G","999.9","000000"
"47662099999","2022-02-22","35.6833333","139.7666667","36.0","TOKYO, JA","  39.9","24","  17.5","24","1018.1","24","015.1","24"," 18.6"," 7","  4.5","24","  7.0","999.9","  48.4","*","  31.1"," "," 0.00","G","999.9","000000"
"47662099999","2022-02-23","35.6833333","139.7666667","36.0","TOKYO, JA","  40.4","23","  14.6","23","1020.0","23","017.0","23"," 16.9"," 7","  4.8","23","  8.0","999.9","  48.0","*","  32.2"," "," 0.00","G","999.9","000000"
"47662099999","2022-02-24","35.6833333","139.7666667","36.0","TOKYO, JA","  40.2","24","  13.8","24","1019.8","24","016.8","24"," 17.3"," 7","  6.5","24","  9.9","999.9","  49.1","*","  32.4","*"," 0.00","G","999.9","000000"
"47662099999","2022-02-25","35.6833333","139.7666667","36.0","TOKYO, JA","  45.2","24","  18.6","24","1019.7","24","016.7","24"," 20.4"," 7","  4.6","24","  8.0","999.9","  54.5","*","  31.8"," "," 0.00","G","999.9","000000"
"47662099999","2022-02-26","35.6833333","139.7666667","36.0","TOKYO, JA","  48.5","24","  30.7","24","1014.4","24","011.5","24"," 14.6"," 7","  5.4","24","  9.9","999.9","  56.7","*","  37.4"," "," 0.00","G","999.9","000000"
"47662099999","2022-02-27","35.6833333","139.7666667","36.0","TOKYO, JA","  49.3","24","  23.6","24","1013.7","24","010.8","24"," 11.5"," 7","  7.3","24"," 13.0","999.9","  61.9","*","  37.8"," "," 0.00","G","999.9","000000"
"47662099999","2022-02-28","35.6833333","139.7666667","36.0","TOKYO, JA","  50.1","24","  29.1","24","1018.4","24","015.4","24"," 12.9"," 7","  4.7","24","  9.9","999.9","  58.5","*","  40.1"," "," 0.00","G","999.9","000000"
"47662099999","2022-03-01","35.6833333","139.7666667","36.0","TOKYO, JA","  53.3","24","  34.6","24","1008.8","24","005.9","24"," 11.1"," 7","  4.1","24","  8.0","999.9","  64.8","*","  40.8"," "," 0.00","G","999.9","000000"
"47662099999","2022-03-02","35.6833333","139.7666667","36.0","TOKYO, JA","  50.5","24","  38.5","24","1009.7","24","006.7","24","  8.2"," 7","  4.5","24","  8.9","999.9","  59.4","*","  40.8","*"," 0.00","G","999.9","000000"
"47662099999","2022-03-03","35.6833333","139.7666667","36.0","TOKYO, JA","  48.5","24","  29.5","24","1012.5","24","009.6","24"," 13.3"," 7","  4.8","24","  8.9","999.9","  58.1","*","  40.5"," "," 0.16","G","999.9","010000"
"47662099999","2022-03-04","35.6833333","139.7666667","36.0","TOKYO, JA","  46.8","24","  32.5","24","1014.2","24","011.2","24"," 12.4"," 7","  4.9","24"," 11.1","999.9","  52.9","*","  40.5"," "," 0.00","G","999.9","000000"
"47662099999","2022-03-05","35.6833333","139.7666667","36.0","TOKYO, JA","  52.3","24","  29.3","24","1002.4","24","999.5","24","  9.3"," 7","  8.1","24"," 14.0","999.9","  63.7","*","  39.7"," "," 0.00","G","999.9","000000"
"47662099999","2022-03-06","35.6833333","139.7666667","36.0","TOKYO, JA","  45.7","24","  17.7","24","1009.1","24","006.1","24"," 12.4"," 7","  9.5","24"," 14.0","999.9","  55.0","*","  40.1","*"," 0.00","G","999.9","000000"
"47662099999","2022-03-07","35.6833333","139.7666667","36.0","TOKYO, JA","  47.2","24","  24.6","24","1016.0","24","013.1","24"," 15.5"," 7","  5.5","24"," 11.1","999.9","  55.6","*","  39.0"," "," 0.00","G","999.9","010000"
"47662099999","2022-03-08","35.6833333","139.7666667","36.0","TOKYO, JA","  42.7","24","  36.7","24","1018.2","24","015.2","24","  8.4"," 7","  4.0","24","  7.0","999.9","  46.0","*","  37.4","*"," 0.00","G","999.9","010000"
"47662099999","2022-03-09","35.6833333","139.7666667","36.0","TOKYO, JA","  46.5","24","  30.7","24","1021.2","24","018.2","24"," 11.1"," 7","  4.2","24","  9.9","999.9","  55.0","*","  36.7"," "," 0.02","G","999.9","000000"
"47662099999","2022-03-10","35.6833333","139.7666667","36.0","TOKYO, JA","  49.4","24","  34.1","24","1022.1","24","019.1","24"," 10.7"," 7","  4.1","24","  8.9","999.9","  57.6","*","  38.7"," "," 0.00","G","999.9","000000"
"47662099999","2022-03-11","35.6833333","139.7666667","36.0","TOKYO, JA","  56.9","18","  39.8","18","1016.3","18","013.4","18","  8.9"," 7","  5.8","18","  9.9","999.9","  64.4","*","  41.4"," "," 0.00","G","999.9","000000"
"47662099999","2022-03-12","35.6833333","139.7666667","36.0","TOKYO, JA","  58.8"," 8","  38.4"," 8","1016.8"," 8","013.9"," 8","  8.6"," 7","  3.7"," 8","  5.1","999.9","  69.6","*","  46.0"," "," 0.00","G","999.9","000000"
"47662099999","2022-03-13","35.6833333","139.7666667","36.0","TOKYO, JA","  61.5","19","  51.5","19","1012.5","19","009.6","19","  8.4"," 7","  7.4","19"," 12.0","999.9","  64.2","*","  47.7"," "," 0.00","G","999.9","010000"
"47662099999","2022-03-14","35.6833333","139.7666667","36.0","TOKYO, JA","  56.6","24","  47.4","24","1010.6","24","007.7","24","  9.3"," 7","  6.2","24"," 11.1","999.9","  73.4","*","  45.1","*"," 0.04","G","999.9","010000"
"47662099999","2022-03-15","35.6833333","139.7666667","36.0","TOKYO, JA","  57.2","24","  40.2","24","1010.2","24","007.3","24","  9.3"," 7","  3.9","24","  7.0","999.9","  67.6","*","  45.0"," "," 0.00","G","999.9","000000"
"47662099999","2022-03-16","35.6833333","139.7666667","36.0","TOKYO, JA","  56.6","24","  46.3","24","1013.6","24","010.7","24","  9.8"," 7","  5.1","24"," 11.1","999.9","  67.1","*","  47.5","*"," 0.00","G","999.9","000000"
"47662099999","2022-03-17","35.6833333","139.7666667","36.0","TOKYO, JA","  54.9","24","  43.6","24","1018.4","24","015.5","24","  8.7"," 7","  6.9","24"," 11.1","999.9","  68.0","*","  42.1","*"," 0.00","G","999.9","010000"
"47662099999","2022-03-18","35.6833333","139.7666667","36.0","TOKYO, JA","  41.1","24","  39.4","24","1004.9","24","002.0","24","  5.9"," 7","  5.9","24","  9.9","999.9","  48.2","*","  39.0","*"," 0.10","G","999.9","010000"
"47662099999","2022-03-19","35.6833333","139.7666667","36.0","TOKYO, JA","  50.1","24","  42.6","24","1001.0","24","998.1","24"," 10.2"," 7","  4.9","24"," 11.1","999.9","  62.4","*","  38.8"," "," 1.81","G","999.9","010000"
"47662099999","2022-03-20","35.6833333","139.7666667","36.0","TOKYO, JA","  50.3","24","  33.7","24","1015.5","24","012.6","24"," 20.4"," 7","  5.5","24","  8.9","999.9","  58.3","*","  39.4"," "," 0.85","G","999.9","010000"
"47662099999","2022-03-21","35.6833333","139.7666667","36.0","TOKYO, JA","  48.7","24","  37.9","24","1020.7","24","017.8","24"," 12.4"," 7","  5.3","24","  8.0","999.9","  55.8","*","  39.2","*"," 0.00","G","999.9","010000"
"47662099999","2022-03-22","35.6833333","139.7666667","36.0","TOKYO, JA","  36.1","24","  34.0","24","1020.9","24","017.8","24","  5.9"," 7","  5.6","24","  9.9","999.9","  39.0","*","  33.6","*"," 0.31","G","999.9","010000"
"47662099999","2022-03-23","35.6833333","139.7666667","36.0","TOKYO, JA","  42.6","23","  30.2","23","1017.8","23","014.8","23","  9.3"," 7","  4.1","23","  8.0","999.9","  49.8","*","  32.9"," "," 0.39","G","999.9","011000"
"47662099999","2022-03-24","35.6833333","139.7666667","36.0","TOKYO, JA","  49.1","24","  37.8","24","1019.8","24","016.8","24"," 11.1"," 7","  3.9","24","  9.9","999.9","  55.8","*","  36.1"," "," 0.08","G","999.9","000000"
"47662099999","2022-03-25","35.6833333","139.7666667","36.0","TOKYO, JA","  58.2","24","  41.5","24","1025.5","24","022.5","24"," 10.2"," 7","  6.4","24"," 14.0","999.9","  63.3","*","  41.4"," "," 0.00","G","999.9","010000"
"47662099999","2022-03-26","35.6833333","139.7666667","36.0","TOKYO, JA","  61.6","24","  56.8","24","1007.1","24","004.2","24","  7.3"," 7","  8.6","24"," 18.1","999.9","  65.8","*","  54.5"," "," 0.00","G","999.9","010000"
"47662099999","2022-03-27","35.6833333","139.7666667","36.0","TOKYO, JA","  59.0","24","  46.6","24","1009.3","24","006.4","24"," 13.3"," 7","  5.5","24","  9.9","999.9","  69.6","*","  51.6","*"," 0.31","G","999.9","010000"
"47662099999","2022-03-28","35.6833333","139.7666667","36.0","TOKYO, JA","  55.3","24","  31.7","24","1024.7","24","021.8","24"," 15.5"," 7","  6.2","24","  9.9","999.9","  64.2","*","  48.7","*"," 0.00","G","999.9","000000"
"47662099999","2022-03-29","35.6833333","139.7666667","36.0","TOKYO, JA","  50.6","24","  38.8","24","1028.8","24","025.8","24","  9.1"," 7","  3.2","24","  5.1","999.9","  54.0","*","  48.4"," "," 0.00","G","999.9","000000"
"47662099999","2022-03-30","35.6833333","139.7666667","36.0","TOKYO, JA","  60.4","23","  53.9","23","1019.8","23","016.9","23"," 10.2"," 7","  6.6","23"," 12.0","999.9","  66.2","*","  48.7"," "," 0.00","G","999.9","000000"
"47662099999","2022-03-31","35.6833333","139.7666667","36.0","TOKYO, JA","  53.4","23","  47.1","23","1016.8","23","013.9","23","  8.3"," 7","  6.3","23","  9.9","999.9","  70.9","*","  39.6","*"," 0.00","G","999.9","010000"
"47662099999","2022-04-01","35.6833333","139.7666667","36.0","TOKYO, JA","  45.5","24","  26.0","24","1025.0","24","022.0","24"," 16.4"," 7","  5.6","24","  8.9","999.9","  53.1","*","  39.0"," "," 0.93","G","999.9","000000"
"47662099999","2022-04-02","35.6833333","139.7666667","36.0","TOKYO, JA","  48.5","22","  33.5","22","1028.9","22","025.9","22"," 11.5"," 7","  5.0","22","  9.9","999.9","  53.6","*","  38.5"," "," 0.00","G","999.9","010000"
"47662099999","2022-04-03","35.6833333","139.7666667","36.0","TOKYO, JA","  46.5","24","  44.8","24","1028.9","24","025.9","24","  4.8"," 7","  6.1","24"," 11.1","999.9","  48.7","*","  43.9"," "," 0.04","G","999.9","010000"
"47662099999","2022-04-04","35.6833333","139.7666667","36.0","TOKYO, JA","  48.6","24","  46.5","24","1022.3","24","019.3","24","  6.9"," 7","  6.1","24","  8.9","999.9","  51.8","*","  44.1"," "," 1.28","G","999.9","010000"
"47662099999","2022-04-05","35.6833333","139.7666667","36.0","TOKYO, JA","  56.0","24","  50.0","24","1020.8","24","017.8","24"," 13.8"," 7","  4.0","24","  7.0","999.9","  63.7","*","  46.6"," "," 1.38","G","999.9","010000"
"47662099999","2022-04-06","35.6833333","139.7666667","36.0","TOKYO, JA","  61.6","11","  49.3","11","1016.9","11","014.1","11"," 14.6"," 7","  4.1","11","  8.9","999.9","  70.0","*","  51.1"," "," 0.00","G","999.9","000000"
"47662099999","2022-04-07","35.6833333","139.7666667","36.0","TOKYO, JA","  57.3"," 8","  47.3"," 8","1014.4"," 8","011.5"," 8"," 10.2"," 7","  4.5"," 8","  8.0","999.9","  63.0","*","  51.6"," "," 0.00","I","999.9","000000"
"47662099999","2022-04-08","35.6833333","139.7666667","36.0","TOKYO, JA","  59.7","24","  44.5","24","1018.4","24","015.5","24"," 13.8"," 7","  5.3","24","  9.9","999.9","  69.4","*","  49.5"," "," 0.00","I","999.9","000000"
"47662099999","2022-04-09","35.6833333","139.7666667","36.0","TOKYO, JA","  64.5","23","  52.9","23","1017.2","23","014.3","23","  8.9"," 7","  6.7","23"," 13.0","999.9","  73.9","*","  50.2"," "," 0.00","I","999.9","000000"
"47662099999","2022-04-10","35.6833333","139.7666667","36.0","TOKYO, JA","  67.9","24","  51.8","24","1019.4","24","016.5","24","  9.3"," 7","  4.8","24","  9.9","999.9","  78.8","*","  55.4"," "," 0.00","I","999.9","000000"
"47662099999","2022-04-11","35.6833333","139.7666667","36.0","TOKYO, JA","  67.0","24","  56.7","24","1016.4","24","013.5","24","  8.9"," 7","  7.1","24"," 14.0","999.9","  73.9","*","  56.8"," "," 0.00","I","999.9","000000"
"47662099999","2022-04-12","35.6833333","139.7666667","36.0","TOKYO, JA","  67.8","23","  57.8","23","1012.1","23","009.3","23","  9.3"," 7","  5.1","23","  9.9","999.9","  76.6","*","  59.7"," "," 0.00","I","999.9","000000"
"47662099999","2022-04-13","35.6833333","139.7666667","36.0","TOKYO, JA","  68.0","24","  58.9","24","1013.5","24","010.7","24"," 10.7"," 7","  6.3","24"," 11.1","999.9","  78.4","*","  54.7","*","99.99"," ","999.9","010000"
"47662099999","2022-04-14","35.6833333","139.7666667","36.0","TOKYO, JA","  51.1","24","  50.0","24","1017.8","24","014.9","24","  5.1"," 7","  4.8","24","  8.9","999.9","  54.5","*","  48.9","*"," 0.02","G","999.9","010000"
"47662099999","2022-04-15","35.6833333","139.7666667","36.0","TOKYO, JA","  49.5","24","  48.2","24","1008.3","24","005.4","24","  4.9"," 7","  5.1","24","  8.0","999.9","  53.1","*","  46.6","*"," 0.61","G","999.9","010000"
"47662099999","2022-04-16","35.6833333","139.7666667","36.0","TOKYO, JA","  55.9","24","  45.6","24","1013.2","24","010.3","24"," 13.3"," 7","  4.7","24","  8.0","999.9","  68.4"," ","  46.4"," "," 0.33","G","999.9","010000"
"47662099999","2022-04-17","35.6833333","139.7666667","36.0","TOKYO, JA","  58.3","23","  48.3","23","1019.8","23","016.9","23"," 12.9"," 7","  4.3","23","  8.0","999.9","  64.0"," ","  49.8"," "," 0.00","G","999.9","010000"
"47662099999","2022-04-18","35.6833333","139.7666667","36.0","TOKYO, JA","  56.6","24","  53.3","24","1015.1","24","012.2","24","  5.1"," 7","  4.0","24","  8.9","999.9","  64.8"," ","  51.4","*"," 0.00","G","999.9","010000"
"47662099999","2022-04-19","35.6833333","139.7666667","36.0","TOKYO, JA","  58.8","24","  49.1","24","1017.5","24","014.6","24"," 10.2"," 7","  5.2","24","  9.9","999.9","  69.6"," ","  49.5","*"," 1.12","G","999.9","010000"
"47662099999","2022-04-20","35.6833333","139.7666667","36.0","TOKYO, JA","  55.5","24","  49.4","24","1021.4","24","018.5","24","  6.0"," 7","  3.5","24","  7.0","999.9","  59.2","*","  49.1"," "," 0.10","G","999.9","010000"
"47662099999","2022-04-21","35.6833333","139.7666667","36.0","TOKYO, JA","  62.4","24","  56.3","24","1015.3","24","012.4","24","  6.2"," 7","  4.8","24"," 11.1","999.9","  70.7"," ","  54.0"," "," 0.00","G","999.9","010000"
"47662099999","2022-04-22","35.6833333","139.7666667","36.0","TOKYO, JA","  68.1","24","  61.5","24","1008.6","24","005.8","24"," 12.4"," 7","  3.8","24","  8.0","999.9","  79.2"," ","  56.3"," "," 1.48","G","999.9","000000"
"47662099999","2022-04-23","35.6833333","139.7666667","36.0","TOKYO, JA","  69.9","24","  57.8","24","1012.1","24","009.3","24","  8.0"," 7","  4.8","24","  8.9","999.9","  80.1"," ","  61.7"," "," 0.00","G","999.9","000000"
"47662099999","2022-04-24","35.6833333","139.7666667","36.0","TOKYO, JA","  61.0","24","  57.5","24","1013.4","24","010.5","24","  8.1"," 7","  2.8","24","  6.0","999.9","  68.5"," ","  55.6","*"," 0.00","G","999.9","010000"
"47662099999","2022-04-25","35.6833333","139.7666667","36.0","TOKYO, JA","  70.5","24","  61.7","24","1015.2","24","012.3","24"," 10.1"," 7","  5.4","24","  8.9","999.9","  79.9"," ","  55.4"," "," 0.14","G","999.9","000000"
"47662099999","2022-04-26","35.6833333","139.7666667","36.0","TOKYO, JA","  72.2","24","  68.1","24","1006.6","24","003.8","24"," 10.2"," 7"," 10.5","24"," 15.9","999.9","  74.5"," ","  64.2"," "," 0.00","G","999.9","010000"
"47662099999","2022-04-27","35.6833333","139.7666667","36.0","TOKYO, JA","  69.8","24","  60.5","24","1011.5","24","008.7","24"," 12.0"," 7","  6.8","24"," 11.1","999.9","  81.9"," ","  59.5","*"," 0.12","G","999.9","010000"
"47662099999","2022-04-28","35.6833333","139.7666667","36.0","TOKYO, JA","  61.0","24","  46.1","24","1018.4","24","015.5","24"," 13.8"," 7","  4.8","24","  8.9","999.9","  70.0"," ","  55.8","*"," 0.00","G","999.9","000000"
"47662099999","2022-04-29","35.6833333","139.7666667","36.0","TOKYO, JA","  52.1","24","  49.0","24","1008.3","24","005.4","24","  9.9"," 7","  5.8","24","  8.9","999.9","  61.5"," ","  45.7","*"," 0.00","G","999.9","010000"
"47662099999","2022-04-30","35.6833333","139.7666667","36.0","TOKYO, JA","  56.5","24","  42.4","24","1017.3","24","014.4","24"," 18.6"," 7","  6.0","24"," 13.0","999.9","  65.1"," ","  45.3"," "," 1.57","G","999.9","000000"
"47662099999","2022-05-01","35.6833333","139.7666667","36.0","TOKYO, JA","  54.1","24","  50.1","24","1009.1","24","006.2","24","  7.2"," 7","  4.2","24","  6.0","999.9","  62.2"," ","  49.6","*"," 0.00","G","999.9","010000"
"47662099999","2022-05-02","35.6833333","139.7666667","36.0","TOKYO, JA","  56.1","24","  47.5","24","1011.1","24","008.2","24"," 16.4"," 7","  5.0","24"," 11.1","999.9","  66.9"," ","  49.1"," "," 0.47","G","999.9","010000"
"47662099999","2022-05-03","35.6833333","139.7666667","36.0","TOKYO, JA","  60.4","24","  45.3","24","1018.8","24","015.9","24"," 18.2"," 7","  4.8","24","  9.9","999.9","  68.7"," ","  48.7"," "," 0.04","G","999.9","000000"
"47662099999","2022-05-04","35.6833333","139.7666667","36.0","TOKYO, JA","  66.0","24","  50.8","24","1020.6","24","017.8","24"," 16.9"," 7","  5.5","24"," 11.1","999.9","  77.0"," ","  51.4"," "," 0.00","G","999.9","000000"
"47662099999","2022-05-05","35.6833333","139.7666667","36.0","TOKYO, JA","  68.4","24","  55.7","24","1022.6","24","019.8","24"," 12.0"," 7","  5.7","24"," 11.1","999.9","  79.3"," ","  56.5"," "," 0.00","G","999.9","000000"
"47662099999","2022-05-06","35.6833333","139.7666667","36.0","TOKYO, JA","  66.7","24","  57.6","24","1020.7","24","017.8","24"," 12.3"," 7","  5.7","24"," 11.1","999.9","  76.1"," ","  59.4"," "," 0.00","G","999.9","010000"
"47662099999","2022-05-07","35.6833333","139.7666667","36.0","TOKYO, JA","  65.7","24","  59.9","24","1014.4","24","011.5","24"," 12.9"," 7","  3.8","24","  8.9","999.9","  73.0"," ","  59.7"," "," 0.28","G","999.9","010000"
"47662099999","2022-05-08","35.6833333","139.7666667","36.0","TOKYO, JA","  63.4","24","  46.9","24","1017.0","24","014.1","24"," 11.5"," 7","  5.8","24"," 13.0","999.9","  72.5"," ","  56.8","*"," 0.02","G","999.9","010000"
"47662099999","2022-05-09","35.6833333","139.7666667","36.0","TOKYO, JA","  55.7","24","  51.4","24","1019.3","24","016.4","24","  9.4"," 7","  5.0","24","  8.0","999.9","  63.1"," ","  52.3","*"," 0.02","G","999.9","010000"
"47662099999","2022-05-10","35.6833333","139.7666667","36.0","TOKYO, JA","  63.2","24","  46.3","24","1020.5","24","017.6","24"," 17.3"," 7","  4.8","24","  8.0","999.9","  73.4"," ","  52.2"," "," 0.31","G","999.9","000000"
"47662099999","2022-05-11","35.6833333","139.7666667","36.0","TOKYO, JA","  67.5","24","  55.8","24","1019.1","24","016.2","24"," 13.3"," 7","  4.5","24","  9.9","999.9","  76.3"," ","  55.4"," "," 0.00","G","999.9","000000"
"47662099999","2022-05-12","35.6833333","139.7666667","36.0","TOKYO, JA","  67.0","24","  63.8","24","1015.2","24","012.3","24","  6.0"," 7","  5.1","24","  9.9","999.9","  77.0"," ","  61.3"," "," 0.00","G","999.9","010000"
"47662099999","2022-05-13","35.6833333","139.7666667","36.0","TOKYO, JA","  67.6","24","  67.3","24","1005.9","24","003.1","24","  4.4"," 7","  6.8","24"," 15.9","999.9","  70.2","*","  63.1"," "," 0.73","G","999.9","010000"
"47662099999","2022-05-14","35.6833333","139.7666667","36.0","TOKYO, JA","  69.1","23","  61.3","23","1004.7","23","001.9","23"," 12.0"," 7","  4.8","23","  9.9","999.9","  78.1"," ","  61.5","*"," 0.85","G","999.9","010000"
"47662099999","2022-05-15","35.6833333","139.7666667","36.0","TOKYO, JA","  61.5","24","  53.2","24","1011.8","24","008.9","24"," 13.8"," 7","  4.2","24","  7.0","999.9","  67.6"," ","  56.3","*"," 0.00","G","999.9","010000"
"47662099999","2022-05-16","35.6833333","139.7666667","36.0","TOKYO, JA","  58.6","24","  56.6","24","1013.0","24","010.1","24","  7.4"," 7","  3.4","24","  5.1","999.9","  60.4","*","  55.8"," "," 0.14","G","999.9","010000"
"47662099999","2022-05-17","35.6833333","139.7666667","36.0","TOKYO, JA","  60.4","24","  57.8","24","1017.0","24","014.1","24","  6.7"," 7","  2.8","24","  4.1","999.9","  64.8"," ","  56.5","*"," 0.20","G","999.9","010000"
"47662099999","2022-05-18","35.6833333","139.7666667","36.0","TOKYO, JA","  66.7","24","  55.6","24","1019.3","24","016.4","24","  9.8"," 7","  5.1","24","  8.0","999.9","  76.8"," ","  56.1"," "," 0.02","G","999.9","000000"
"47662099999","2022-05-19","35.6833333","139.7666667","36.0","TOKYO, JA","  70.2","24","  53.3","24","1016.5","24","013.7","24"," 12.4"," 7","  5.7","24","  9.9","999.9","  79.9"," ","  57.6"," "," 0.00","G","999.9","000000"
"47662099999","2022-05-20","35.6833333","139.7666667","36.0","TOKYO, JA","  70.8","24","  61.8","24","1014.1","24","011.3","24","  8.9"," 7","  5.0","24","  9.9","999.9","  78.6"," ","  61.3"," "," 0.00","G","999.9","000000"
"47662099999","2022-05-21","35.6833333","139.7666667","36.0","TOKYO, JA","  62.1","24","  60.5","24","1008.9","24","006.0","24","  9.3"," 7","  3.7","24","  7.0","999.9","  68.0"," ","  57.6","*"," 0.00","G","999.9","010000"
"47662099999","2022-05-22","35.6833333","139.7666667","36.0","TOKYO, JA","  67.3","24","  58.8","24","1005.7","24","002.9","24"," 13.8"," 7","  5.9","24","  8.9","999.9","  78.6"," ","  57.2"," "," 1.61","G","999.9","010000"
"47662099999","2022-05-23","35.6833333","139.7666667","36.0","TOKYO, JA","  67.9","24","  57.2","24","1013.8","24","011.0","24"," 12.4"," 7","  5.0","24","  8.9","999.9","  79.0"," ","  60.8"," "," 0.02","G","999.9","000000"
"47662099999","2022-05-24","35.6833333","139.7666667","36.0","TOKYO, JA","  70.5","24","  61.6","24","1015.6","24","012.8","24"," 16.0"," 7","  7.0","24"," 13.0","999.9","  79.2"," ","  61.7"," "," 0.00","G","999.9","000000"
"47662099999","2022-05-25","35.6833333","139.7666667","36.0","TOKYO, JA","  70.9","24","  60.2","24","1012.6","24","009.8","24"," 17.8"," 7","  6.8","24","  9.9","999.9","  80.6"," ","  63.3","*"," 0.00","G","999.9","000000"
"47662099999","2022-05-26","35.6833333","139.7666667","36.0","TOKYO, JA","  71.3","21","  62.1","21","1007.2","21","004.4","21"," 10.7"," 6","  9.7","21"," 13.0","999.9","  79.2"," ","  66.9","*"," 0.00","H","999.9","010000"
"47662099999","2022-05-27","35.6833333","139.7666667","36.0","TOKYO, JA","  69.0","24","  66.3","24"," 998.2","24","995.5","24"," 10.5"," 7","  5.2","24"," 13.0","999.9","  76.3"," ","  62.4","*"," 0.31","G","999.9","010000"
"47662099999","2022-05-28","35.6833333","139.7666667","36.0","TOKYO, JA","  72.6","24","  54.3","24","1003.2","24","000.5","24"," 15.1"," 7","  5.2","24","  9.9","999.9","  81.9"," ","  62.1","*"," 2.03","G","999.9","000000"
"47662099999","2022-05-29","35.6833333","139.7666667","36.0","TOKYO, JA","  76.1","24","  58.4","24","1005.4","24","002.6","24"," 15.5"," 7","  5.6","24"," 11.1","999.9","  88.2"," ","  61.9"," "," 0.00","G","999.9","000000"
"47662099999","2022-05-30","35.6833333","139.7666667","36.0","TOKYO, JA","  70.1","24","  61.9","24","1006.4","24","003.6","24","  9.9"," 7","  6.8","24"," 12.0","999.9","  82.0"," ","  62.2","*"," 0.00","G","999.9","010000"
"47662099999","2022-05-31","35.6833333","139.7666667","36.0","TOKYO, JA","  66.7","24","  61.9","24","1005.8","24","003.0","24","  9.3"," 7","  3.9","24","  6.0","999.9","  71.4","*","  61.9"," "," 0.73","G","999.9","010000"
"47662099999","2022-06-01","35.6833333","139.7666667","36.0","TOKYO, JA","  71.2","24","  54.5","24","1008.4","24","005.6","24"," 12.4"," 7","  5.2","24","  8.9","999.9","  80.8"," ","  63.1"," "," 0.02","G","999.9","000000"
"47662099999","2022-06-02","35.6833333","139.7666667","36.0","TOKYO, JA","  73.1","24","  63.3","24","1007.2","24","004.5","24"," 15.1"," 7","  7.4","24"," 14.0","999.9","  82.6"," ","  63.7"," "," 0.00","G","999.9","000000"
"47662099999","2022-06-03","35.6833333","139.7666667","36.0","TOKYO, JA","  67.6","24","  61.9","24","1009.2","24","006.4","24"," 11.5"," 7","  4.7","24","  9.9","999.9","  81.0"," ","  60.6","*"," 0.00","G","999.9","000000"
"47662099999","2022-06-04","35.6833333","139.7666667","36.0","TOKYO, JA","  69.8","24","  57.6","24","1011.5","24","008.7","24"," 15.1"," 7","  6.4","24"," 12.0","999.9","  78.1"," ","  60.4"," "," 0.20","G","999.9","010000"
"47662099999","2022-06-05","35.6833333","139.7666667","36.0","TOKYO, JA","  68.9","24","  62.2","24","1008.6","24","005.8","24","  9.4"," 7","  6.7","24","  9.9","999.9","  79.2"," ","  60.8","*"," 0.00","G","999.9","010000"
"47662099999","2022-06-06","35.6833333","139.7666667","36.0","TOKYO, JA","  61.5","24","  60.8","24"," 997.1","24","994.3","24","  4.0"," 7","  5.4","24","  8.0","999.9","  64.0"," ","  60.3","*"," 0.53","G","999.9","010000"
"47662099999","2022-06-07","35.6833333","139.7666667","36.0","TOKYO, JA","  61.7","24","  57.8","24","1006.0","24","003.2","24"," 10.9"," 7","  4.8","24","  7.0","999.9","  67.1"," ","  58.6","*"," 1.24","G","999.9","010000"
"47662099999","2022-06-08","35.6833333","139.7666667","36.0","TOKYO, JA","  63.7","24","  58.9","24","1013.7","24","010.8","24","  8.1"," 7","  4.4","24","  7.0","999.9","  68.9"," ","  58.5"," "," 0.08","G","999.9","010000"
"47662099999","2022-06-09","35.6833333","139.7666667","36.0","TOKYO, JA","  67.6","24","  61.5","24","1016.5","24","013.7","24"," 12.2"," 7","  4.5","24","  9.9","999.9","  76.5"," ","  60.6"," "," 0.00","G","999.9","010000"
"47662099999","2022-06-10","35.6833333","139.7666667","36.0","TOKYO, JA","  71.6","24","  63.7","24","1016.8","24","014.0","24"," 11.5"," 7","  5.0","24","  8.0","999.9","  77.4"," ","  64.4"," "," 0.00","G","999.9","000000"
"47662099999","2022-06-11","35.6833333","139.7666667","36.0","TOKYO, JA","  70.2","24","  64.1","24","1011.3","24","008.5","24"," 10.5"," 7","  5.3","24","  8.9","999.9","  77.7"," ","  64.8","*"," 0.00","G","999.9","010000"
"47662099999","2022-06-12","35.6833333","139.7666667","36.0","TOKYO, JA","  70.6","24","  54.8","24","1009.0","24","006.2","24"," 14.2"," 7","  5.7","24"," 12.0","999.9","  79.9"," ","  62.6","*"," 0.04","G","999.9","010000"
"47662099999","2022-06-13","35.6833333","139.7666667","36.0","TOKYO, JA","  70.3","20","  54.4","20","1015.0","20","012.2","20"," 16.4"," 7","  7.2","20","  9.9","999.9","  81.3"," ","  62.6"," "," 0.00","G","999.9","010000"
"47662099999","2022-06-14","35.6833333","139.7666667","36.0","TOKYO, JA","  61.4","20","  57.9","20","1017.8","20","014.9","20","  9.1"," 7","  4.8","20","  8.0","999.9","  65.1"," ","  59.4","*"," 0.00","G","999.9","010000"
"47662099999","2022-06-15","35.6833333","139.7666667","36.0","TOKYO, JA","  63.9","24","  62.0","24","1012.2","24","009.3","24","  5.7"," 7","  2.7","24","  5.1","999.9","  66.2","*","  59.2"," "," 0.12","G","999.9","010000"
"47662099999","2022-06-16","35.6833333","139.7666667","36.0","TOKYO, JA","  70.5","18","  65.9","18","1009.3","18","006.5","18","  5.4"," 7","  2.9","18","  6.0","999.9","  75.4"," ","  63.1"," "," 0.02","G","999.9","000000"
"47662099999","2022-06-17","35.6833333","139.7666667","36.0","TOKYO, JA","  72.9","20","  68.0","20","1010.1","20","007.3","20","  8.1"," 7","  2.9","20","  8.0","999.9","  82.4"," ","  66.4"," "," 0.00","G","999.9","000000"
"47662099999","2022-06-18","35.6833333","139.7666667","36.0","TOKYO, JA","  72.6","24","  69.6","24","1009.6","24","006.8","24","  8.5"," 7","  3.2","24","  8.0","999.9","  78.6"," ","  67.5","*"," 0.00","G","999.9","010000"
"47662099999","2022-06-19","35.6833333","139.7666667","36.0","TOKYO, JA","  76.5","24","  69.7","24","1006.6","24","003.8","24"," 13.8"," 7","  5.3","24","  9.9","999.9","  84.0"," ","  67.1"," "," 0.10","G","999.9","000000"
"47662099999","2022-06-20","35.6833333","139.7666667","36.0","TOKYO, JA","  77.6","23","  70.9","23","1005.2","23","002.4","23","  8.3"," 6","  4.2","23","  8.9","999.9","  86.5"," ","  70.5"," "," 0.00","G","999.9","000000"
"47662099999","2022-06-21","35.6833333","139.7666667","36.0","TOKYO, JA","  76.4","24","  70.3","24","1008.5","24","005.7","24","  5.6"," 7","  5.6","24"," 11.1","999.9","  86.2"," ","  70.7","*"," 0.00","G","999.9","010000"
"47662099999","2022-06-22","35.6833333","139.7666667","36.0","TOKYO, JA","  74.9","24","  69.8","24","1010.7","24","007.9","24","  6.7"," 7","  4.6","24","  8.0","999.9","  83.5"," ","  70.5"," "," 0.20","G","999.9","010000"
"47662099999","2022-06-23","35.6833333","139.7666667","36.0","TOKYO, JA","  75.5","24","  70.9","24","1010.5","24","007.7","24","  8.4"," 7","  5.6","24","  8.9","999.9","  80.8","*","  70.9"," "," 0.00","G","999.9","010000"
"47662099999","2022-06-24","35.6833333","139.7666667","36.0","TOKYO, JA","  83.4","24","  72.7","24","1003.8","24","001.1","24"," 12.9"," 7"," 12.7","24"," 17.1","999.9","  90.7"," ","  73.2"," "," 0.00","G","999.9","000000"
"47662099999","2022-06-25","35.6833333","139.7666667","36.0","TOKYO, JA","  86.1","24","  71.9","24","1008.6","24","005.8","24"," 11.5"," 7","  8.9","24"," 15.0","999.9","  95.7"," ","  78.6"," "," 0.00","G","999.9","000000"
"47662099999","2022-06-26","35.6833333","139.7666667","36.0","TOKYO, JA","  84.6","24","  70.2","24","1012.3","24","009.6","24"," 16.4"," 7","  6.5","24"," 13.0","999.9","  97.2"," ","  76.3","*"," 0.00","G","999.9","000000"
"47662099999","2022-06-27","35.6833333","139.7666667","36.0","TOKYO, JA","  85.5","24","  72.3","24","1012.0","24","009.3","24"," 13.3"," 7","  4.6","24","  9.9","999.9","  96.3"," ","  75.4"," "," 0.00","G","999.9","000000"
"47662099999","2022-06-28","35.6833333","139.7666667","36.0","TOKYO, JA","  84.8","24","  74.0","24","1009.8","24","007.1","24"," 12.0"," 7","  5.0","24","  9.9","999.9","  95.2"," ","  76.6"," "," 0.00","G","999.9","000000"
"47662099999","2022-06-29","35.6833333","139.7666667","36.0","TOKYO, JA","  85.3","24","  73.7","24","1009.6","24","006.9","24"," 13.8"," 7","  5.0","24","  8.9","999.9","  95.7"," ","  77.5"," "," 0.00","G","999.9","000000"
"47662099999","2022-06-30","35.6833333","139.7666667","36.0","TOKYO, JA","  87.4","24","  74.0","24","1012.8","24","010.1","24"," 10.7"," 7","  5.7","24"," 12.0","999.9","  97.5"," ","  77.5"," "," 0.00","G","999.9","000000"
"47662099999","2022-07-01","35.6833333","139.7666667","36.0","TOKYO, JA","  86.6","24","  74.5","24","1014.6","24","011.8","24"," 10.2"," 7","  4.7","24","  9.9","999.9","  98.6"," ","  77.7"," "," 0.00","G","999.9","000000"
"47662099999","2022-07-02","35.6833333","139.7666667","36.0","TOKYO, JA","  85.1","24","  74.7","24","1012.8","24","010.1","24"," 12.4"," 7","  5.5","24"," 12.0","999.9","  93.7","*","  77.7"," "," 0.00","I","999.9","000000"
"47662099999","2022-07-03","35.6833333","139.7666667","36.0","TOKYO, JA","  83.8","24","  73.8","24","1009.9","24","007.2","24"," 12.9"," 7","  4.6","24","  8.9","999.9","  93.6","*","  77.4"," ","99.99"," ","999.9","010000"
"47662099999","2022-07-04","35.6833333","139.7666667","36.0","TOKYO, JA","  79.0","24","  72.6","24","1009.7","24","007.0","24"," 11.5"," 7","  3.7","24","  6.0","999.9","  84.0","*","  75.6","*"," 0.06","G","999.9","010000"
"47662099999","2022-07-05","35.6833333","139.7666667","36.0","TOKYO, JA","  78.6","24","  73.4","24","1007.5","24","004.7","24"," 12.9"," 7","  7.0","24"," 14.0","999.9","  89.4","*","  74.7","*"," 0.08","G","999.9","010000"
"47662099999","2022-07-06","35.6833333","139.7666667","36.0","TOKYO, JA","  78.8","24","  71.6","24","1008.0","24","005.3","24"," 15.1"," 7","  6.2","24","  9.9","999.9","  85.1","*","  73.8","*"," 0.08","G","999.9","010000"
"47662099999","2022-07-07","35.6833333","139.7666667","36.0","TOKYO, JA","  77.8","24","  68.6","24","1009.7","24","006.9","24"," 17.8"," 7","  5.8","24","  9.9","999.9","  85.5","*","  72.9","*"," 0.00","G","999.9","000000"
"47662099999","2022-07-08","35.6833333","139.7666667","36.0","TOKYO, JA","  78.6","24","  65.9","24","1005.4","24","002.6","24"," 16.0"," 7","  4.8","24","  8.9","999.9","  85.6","*","  71.6","*"," 0.00","I","999.9","000000"
"47662099999","2022-07-09","35.6833333","139.7666667","36.0","TOKYO, JA","  81.2","24","  70.4","24","1003.8","24","001.1","24"," 16.0"," 7","  6.5","24","  9.9","999.9","  88.7","*","  71.2"," ","99.99"," ","999.9","010000"
"47662099999","2022-07-10","35.6833333","139.7666667","36.0","TOKYO, JA","  81.4","24","  73.4","24","1006.9","24","004.2","24"," 14.2"," 7","  6.9","24"," 13.0","999.9","  88.5","*","  75.7"," ","99.99"," ","999.9","010000"
"47662099999","2022-07-11","35.6833333","139.7666667","36.0","TOKYO, JA","  82.6","24","  73.1","24","1008.3","24","005.5","24"," 13.8"," 7","  5.8","24"," 11.1","999.9","  92.5","*","  76.8"," "," 0.00","I","999.9","000000"
"47662099999","2022-07-12","35.6833333","139.7666667","36.0","TOKYO, JA","  77.3","22","  73.7","20","1006.6","22","003.9","22","  6.5"," 7","  5.8","22"," 11.1","999.9","  82.8","*","  72.7","*","99.99"," ","999.9","010000"
"47662099999","2022-07-13","35.6833333","139.7666667","36.0","TOKYO, JA","  74.9","24","  73.8","23","1005.4","24","002.6","24","  5.7"," 7","  4.4","24","  6.0","999.9","  77.0","*","  72.7"," "," 2.97","G","999.9","010000"
"47662099999","2022-07-14","35.6833333","139.7666667","36.0","TOKYO, JA","  74.8","24","  73.6","24","1004.4","24","001.6","24","  6.8"," 7","  4.5","24","  7.0","999.9","  80.2","*","  73.2"," "," 0.39","G","999.9","010000"
"47662099999","2022-07-15","35.6833333","139.7666667","36.0","TOKYO, JA","  74.7","24","  74.4","24","1002.0","24","999.2","24","  4.1"," 7","  3.4","24","  7.0","999.9","  77.5","*","  73.0"," "," 0.89","G","999.9","010000"
"47662099999","2022-07-16","35.6833333","139.7666667","36.0","TOKYO, JA","  74.1","24","  73.8","24","1002.5","24","999.7","24","  7.1"," 7","  4.5","24","  8.0","999.9","  76.1","*","  71.8","*"," 2.48","G","999.9","010000"
"47662099999","2022-07-17","35.6833333","139.7666667","36.0","TOKYO, JA","  78.5","24","  74.5","24","1001.0","24","998.3","24"," 12.7"," 7","  4.4","24","  8.9","999.9","  84.9","*","  71.8"," "," 0.33","G","999.9","010000"
"47662099999","2022-07-18","35.6833333","139.7666667","36.0","TOKYO, JA","  83.3","24","  73.8","24","1003.8","24","001.1","24"," 11.1"," 7","  5.3","24","  8.9","999.9","  88.9","*","  73.6"," "," 0.00","G","999.9","000000"
"47662099999","2022-07-19","35.6833333","139.7666667","36.0","TOKYO, JA","  80.9","24","  76.2","24","1000.5","24","997.8","24"," 10.2"," 7","  4.9","24","  9.9","999.9","  86.2","*","  76.8","*","99.99"," ","999.9","010000"
"47662099999","2022-07-20","35.6833333","139.7666667","36.0","TOKYO, JA","  85.4","24","  69.1","24","1004.3","24","001.6","24"," 17.3"," 7","  6.2","24"," 14.0","999.9","  94.1"," ","  76.6"," "," 0.00","E","999.9","000000"
"47662099999","2022-07-21","35.6833333","139.7666667","36.0","TOKYO, JA","  83.0","24","  75.2","24","1003.9","24","001.2","24"," 10.1"," 7","  9.3","24"," 13.0","999.9","  91.0"," ","  77.0"," "," 0.00","G","999.9","010000"
"47662099999","2022-07-22","35.6833333","139.7666667","36.0","TOKYO, JA","  82.6","24","  75.8","24"," 998.7","24","996.0","24","  9.8"," 7","  6.6","24","  9.9","999.9","  90.5","*","  77.2","*"," 0.00","I","999.9","000000"
"47662099999","2022-07-23","35.6833333","139.7666667","36.0","TOKYO, JA","  83.2","23","  73.8","23","1003.6","23","000.8","23"," 12.9"," 7","  4.7","23","  9.9","999.9","  92.5"," ","  77.2"," "," 0.06","G","999.9","000000"
"47662099999","2022-07-24","35.6833333","139.7666667","36.0","TOKYO, JA","  83.4","24","  72.3","24","1008.2","24","005.5","24"," 14.6"," 7","  7.6","24"," 12.0","999.9","  91.0"," ","  76.8"," "," 0.00","G","999.9","000000"
"47662099999","2022-07-25","35.6833333","139.7666667","36.0","TOKYO, JA","  84.2","24","  76.8","24","1010.3","24","007.6","24"," 10.2"," 7","  7.6","24"," 12.0","999.9","  92.3"," ","  77.9"," "," 0.00","G","999.9","010000"
"47662099999","2022-07-26","35.6833333","139.7666667","36.0","TOKYO, JA","  80.4","24","  77.3","24","1011.3","24","008.5","24","  6.7"," 7","  7.6","24"," 11.1","999.9","  84.7","*","  78.1"," "," 0.77","G","999.9","010000"
"47662099999","2022-07-27","35.6833333","139.7666667","36.0","TOKYO, JA","  84.8","24","  76.3","24","1012.2","24","009.5","24"," 15.1"," 7","  8.6","24"," 14.0","999.9","  92.5"," ","  79.0","*"," 1.02","G","999.9","000000"
"47662099999","2022-07-28","35.6833333","139.7666667","36.0","TOKYO, JA","  83.2","24","  76.2","24","1015.2","24","012.5","24"," 16.0"," 7","  6.0","24"," 12.0","999.9","  91.2"," ","  76.8","*"," 0.00","G","999.9","010000"
"47662099999","2022-07-29","35.6833333","139.7666667","36.0","TOKYO, JA","  85.4","24","  76.4","24","1015.3","24","012.6","24"," 16.9"," 7","  6.8","24"," 13.0","999.9","  93.0"," ","  76.3"," "," 0.04","G","999.9","000000"
"47662099999","2022-07-30","35.6833333","139.7666667","36.0","TOKYO, JA","  86.1","24","  77.1","24","1013.7","24","011.0","24"," 14.6"," 7","  5.4","24","  9.9","999.9","  94.1"," ","  79.7"," "," 0.00","G","999.9","000000"
"47662099999","2022-07-31","35.6833333","139.7666667","36.0","TOKYO, JA","  87.2","24","  77.0","24","1013.0","24","010.2","24"," 15.1"," 7","  4.6","24","  8.0","999.9","  95.0"," ","  81.0"," "," 0.00","G","999.9","010000"
"47662099999","2022-08-01","35.6833333","139.7666667","36.0","TOKYO, JA","  87.9","23","  77.3","23","1012.4","23","009.7","23"," 11.5"," 7","  5.8","23"," 12.0","999.9","  96.6"," ","  80.8"," "," 0.00","G","999.9","010000"
"47662099999","2022-08-02","35.6833333","139.7666667","36.0","TOKYO, JA","  88.8","21","  78.8","21","1010.7","21","008.0","21","  9.8"," 7","  4.4","21","  8.9","999.9","  96.6"," ","  81.7"," "," 0.00","G","999.9","000000"
"47662099999","2022-08-03","35.6833333","139.7666667","36.0","TOKYO, JA","  86.3","24","  76.9","24","1007.4","24","004.7","24","  8.9"," 7","  5.8","24","  9.9","999.9","  97.0"," ","  76.1","*"," 0.00","G","999.9","010010"
"47662099999","2022-08-04","35.6833333","139.7666667","36.0","TOKYO, JA","  74.3","24","  72.1","24","1008.8","24","006.0","24","  6.6"," 7","  4.6","24","  6.0","999.9","  79.5"," ","  71.2","*"," 0.02","G","999.9","010010"
"47662099999","2022-08-05","35.6833333","139.7666667","36.0","TOKYO, JA","  75.1","24","  67.7","24","1009.6","24","006.8","24"," 12.0"," 7","  5.0","24","  8.0","999.9","  81.9"," ","  70.9"," "," 0.69","G","999.9","000000"
"47662099999","2022-08-06","35.6833333","139.7666667","36.0","TOKYO, JA","  78.8","24","  70.3","24","1011.4","24","008.7","24"," 12.4"," 7","  4.4","24","  7.0","999.9","  83.8"," ","  72.1"," "," 0.00","G","999.9","000000"
"47662099999","2022-08-07","35.6833333","139.7666667","36.0","TOKYO, JA","  82.9","24","  76.0","24","1012.1","24","009.3","24"," 12.4"," 7","  4.9","24","  7.0","999.9","  91.4"," ","  75.9"," "," 0.00","G","999.9","000000"
"47662099999","2022-08-08","35.6833333","139.7666667","36.0","TOKYO, JA","  86.5","24","  76.5","24","1010.6","24","007.9","24","  9.3"," 7","  9.6","24"," 14.0","999.9","  91.8","*","  79.2"," "," 0.00","G","999.9","000000"
"47662099999","2022-08-09","35.6833333","139.7666667","36.0","TOKYO, JA","  87.7","24","  75.2","24","1009.3","24","006.6","24"," 12.0"," 7"," 10.5","24"," 15.0","999.9","  95.0","*","  81.9"," "," 0.00","I","999.9","000000"
"47662099999","2022-08-10","35.6833333","139.7666667","36.0","TOKYO, JA","  87.3","21","  76.4","21","1010.2","21","007.5","21"," 13.8"," 7","  9.9","21"," 14.0","999.9","  93.7","*","  80.6","*"," 0.00","I","999.9","000000"
"47662099999","2022-08-11","35.6833333","139.7666667","36.0","TOKYO, JA","  84.9","24","  76.5","24","1010.0","24","007.3","24"," 15.1"," 7"," 11.4","24"," 15.9","999.9","  91.6","*","  80.2"," "," 0.00","I","999.9","000000"
"47662099999","2022-08-12","35.6833333","139.7666667","36.0","TOKYO, JA","  82.1","24","  76.3","24","1010.3","24","007.6","24"," 11.1"," 7"," 10.6","24"," 15.9","999.9","  87.3","*","  75.6","*","99.99"," ","999.9","010000"
"47662099999","2022-08-13","35.6833333","139.7666667","36.0","TOKYO, JA","  77.1","24","  76.1","23","1006.9","24","004.1","24","  8.0"," 7","  7.8","24"," 17.1","999.9","  82.9","*","  74.7","*"," 0.16","G","999.9","010010"
"47662099999","2022-08-14","35.6833333","139.7666667","36.0","TOKYO, JA","  83.7","24","  77.4","24","1005.9","24","003.2","24"," 12.4"," 7","  4.3","24","  8.0","999.9","  90.5","*","  74.7"," "," 1.79","G","999.9","000000"
"47662099999","2022-08-15","35.6833333","139.7666667","36.0","TOKYO, JA","  86.2","24","  76.8","24","1005.2","24","002.5","24"," 10.7"," 7","  6.6","24","  9.9","999.9","  91.4","*","  78.6"," "," 0.00","G","999.9","000000"
"47662099999","2022-08-16","35.6833333","139.7666667","36.0","TOKYO, JA","  87.5","24","  75.5","24","1004.1","24","001.4","24"," 11.1"," 7","  8.1","24"," 13.0","999.9","  96.6","*","  80.8","*","99.99"," ","999.9","010000"
"47662099999","2022-08-17","35.6833333","139.7666667","36.0","TOKYO, JA","  79.1","24","  73.2","24","1009.0","24","006.2","24"," 12.0"," 7","  4.3","24","  8.0","999.9","  87.8","*","  75.0","*","99.99"," ","999.9","010000"
"47662099999","2022-08-18","35.6833333","139.7666667","36.0","TOKYO, JA","  80.7","24","  70.1","24","1003.4","24","000.7","24"," 12.9"," 7","  6.3","24"," 12.0","999.9","  87.6","*","  74.1"," "," 0.33","G","999.9","010000"
"47662099999","2022-08-19","35.6833333","139.7666667","36.0","TOKYO, JA","  82.5","18","  68.4","18","1004.3","18","001.6","18"," 20.0"," 7","  7.3","18"," 12.0","999.9","  89.4","*","  72.9"," "," 0.37","G","999.9","000000"
"47662099999","2022-08-20","35.6833333","139.7666667","36.0","TOKYO, JA","  79.5"," 8","  74.3"," 8","1002.8"," 8","000.1"," 8","  8.3"," 7","  3.4"," 8","  6.0","999.9","  85.1","*","  74.8"," "," 0.00","G","999.9","010000"
"47662099999","2022-08-21","35.6833333","139.7666667","36.0","TOKYO, JA","  78.6"," 8","  72.8"," 8","1006.6"," 8","003.9"," 8"," 10.0"," 7","  4.5"," 8","  6.0","999.9","  83.7","*","  74.7","*"," 0.08","G","999.9","010000"
"47662099999","2022-08-22","35.6833333","139.7666667","36.0","TOKYO, JA","  79.7"," 8","  74.9"," 8","1008.1"," 8","005.4"," 8","  7.5"," 7","  4.3"," 8","  5.1","999.9","  82.6","*","  74.5"," "," 0.02","G","999.9","000000"
"47662099999","2022-08-23","35.6833333","139.7666667","36.0","TOKYO, JA","  84.8"," 8","  78.3"," 8","1005.0"," 8","002.3"," 8"," 12.0"," 7","  6.1"," 8"," 11.1","999.9","  91.4","*","  76.5"," "," 0.00","G","999.9","000000"
"47662099999","2022-08-24","35.6833333","139.7666667","36.0","TOKYO, JA","  77.8","16","  70.0","16","1007.4","16","004.6","16"," 10.2"," 7","  4.8","16"," 11.1","999.9","  88.7","*","  73.6","*","99.99"," ","999.9","010000"
"47662099999","2022-08-25","35.6833333","139.7666667","36.0","TOKYO, JA","  79.0","24","  72.5","24","1006.0","24","003.2","24","  8.4"," 7","  3.3","24","  6.0","999.9","  83.7","*","  72.7"," "," 0.08","G","999.9","010000"
"47662099999","2022-08-26","35.6833333","139.7666667","36.0","TOKYO, JA","  81.8","23","  78.5","23","1005.5","23","002.8","23","  6.9"," 7","  4.3","23","  6.0","999.9","  86.7","*","  75.6"," "," 0.00","G","999.9","010000"
"47662099999","2022-08-27","35.6833333","139.7666667","36.0","TOKYO, JA","  83.6","24","  75.0","24","1006.0","24","003.3","24"," 10.7"," 7","  6.5","24"," 12.0","999.9","  91.6","*","  76.3","*"," 0.14","G","999.9","000000"
"47662099999","2022-08-28","35.6833333","139.7666667","36.0","TOKYO, JA","  72.1","24","  67.7","24","1015.6","24","012.8","24"," 11.4"," 7","  6.2","24","  9.9","999.9","  74.8","*","  70.2","*"," 0.06","G","999.9","010000"
"47662099999","2022-08-29","35.6833333","139.7666667","36.0","TOKYO, JA","  73.6","23","  62.5","23","1018.5","23","015.7","23"," 14.5"," 6","  5.1","23","  8.9","999.9","  81.0","*","  68.4","*"," 0.14","G","999.9","010000"
"47662099999","2022-08-30","35.6833333","139.7666667","36.0","TOKYO, JA","  74.4","23","  72.1","23","1013.6","23","010.8","23","  4.7"," 7","  2.8","23","  5.1","999.9","  78.6","*","  68.4"," "," 0.02","G","999.9","010000"
"47662099999","2022-08-31","35.6833333","139.7666667","36.0","TOKYO, JA","  83.1","24","  76.6","24","1009.6","24","006.8","24","  9.7"," 7","  8.5","24"," 12.0","999.9","  89.6","*","  72.0"," "," 0.24","G","999.9","010000"
"47662099999","2022-09-01","35.6833333","139.7666667","36.0","TOKYO, JA","  79.3","24","  76.9","23","1012.0","24","009.2","24","  9.3"," 7","  5.5","24"," 11.1","999.9","  89.6","*","  74.7","*"," 0.61","G","999.9","010010"
"47662099999","2022-09-02","35.6833333","139.7666667","36.0","TOKYO, JA","  72.5","24","  71.3","24","1017.4","24","014.6","24","  8.4"," 7","  4.4","24","  8.9","999.9","  74.8","*","  71.1","*"," 0.37","G","999.9","010000"
"47662099999","2022-09-03","35.6833333","139.7666667","36.0","TOKYO, JA","  77.0","24","  71.3","24","1016.9","24","014.1","24"," 11.1"," 7","  4.4","24","  7.0","999.9","  82.9","*","  70.5"," "," 0.51","G","999.9","000000"
"47662099999","2022-09-04","35.6833333","139.7666667","36.0","TOKYO, JA","  79.6","24","  72.7","24","1016.4","24","013.6","24"," 10.7"," 7","  4.0","24","  7.0","999.9","  87.8","*","  73.6"," "," 0.00","G","999.9","010000"
"47662099999","2022-09-05","35.6833333","139.7666667","36.0","TOKYO, JA","  80.2","24","  73.8","24","1015.2","24","012.4","24"," 10.9"," 7","  4.8","24","  8.0","999.9","  87.3","*","  75.0"," ","99.99"," ","999.9","010000"
"47662099999","2022-09-06","35.6833333","139.7666667","36.0","TOKYO, JA","  83.4","23","  76.0","23","1011.1","23","008.4","23"," 16.4"," 7","  8.3","23"," 14.0","999.9","  88.7","*","  75.0"," "," 0.00","I","999.9","000000"
"47662099999","2022-09-07","35.6833333","139.7666667","36.0","TOKYO, JA","  77.7","24","  75.6","23","1013.8","24","011.0","24","  9.2"," 7","  4.2","24","  7.0","999.9","  84.6","*","  70.5","*","99.99"," ","999.9","010000"
"47662099999","2022-09-08","35.6833333","139.7666667","36.0","TOKYO, JA","  73.9","24","  70.8","24","1015.6","24","012.8","24","  9.1"," 7","  4.5","24","  8.9","999.9","  77.4","*","  70.5"," "," 0.28","G","999.9","010000"
"47662099999","2022-09-09","35.6833333","139.7666667","36.0","TOKYO, JA","  76.8","24","  71.6","24","1015.2","24","012.4","24"," 12.4"," 7","  4.3","24","  7.0","999.9","  83.3","*","  70.9"," "," 0.02","G","999.9","010000"
"47662099999","2022-09-10","35.6833333","139.7666667","36.0","TOKYO, JA","  76.4","24","  63.4","24","1017.0","24","014.2","24"," 16.4"," 7","  6.3","24","  9.9","999.9","  85.1","*","  70.7","*"," 0.00","G","999.9","010000"
"47662099999","2022-09-11","35.6833333","139.7666667","36.0","TOKYO, JA","  77.2","24","  67.9","24","1016.2","24","013.4","24"," 14.6"," 7","  5.4","24","  8.0","999.9","  81.5","*","  70.3"," ","99.99"," ","999.9","010000"
"47662099999","2022-09-12","35.6833333","139.7666667","36.0","TOKYO, JA","  77.8","24","  69.9","24","1015.5","24","012.7","24"," 12.7"," 7","  5.3","24","  9.9","999.9","  87.1","*","  71.6","*","99.99"," ","999.9","010000"
"47662099999","2022-09-13","35.6833333","139.7666667","36.0","TOKYO, JA","  80.5","24","  74.3","24","1015.2","24","012.4","24"," 12.4"," 7","  3.7","24","  7.0","999.9","  86.5","*","  71.6"," "," 0.06","G","999.9","000000"
"47662099999","2022-09-14","35.6833333","139.7666667","36.0","TOKYO, JA","  78.4","24","  67.4","24","1016.6","24","013.8","24"," 11.5"," 7","  6.3","24"," 11.1","999.9","  88.2","*","  72.5","*"," 0.00","G","999.9","000000"
"47662099999","2022-09-15","35.6833333","139.7666667","36.0","TOKYO, JA","  73.3","23","  63.1","23","1015.4","23","012.6","23"," 13.8"," 7","  3.8","23","  6.0","999.9","  79.0","*","  67.8","*"," 0.00","I","999.9","000000"
"47662099999","2022-09-16","35.6833333","139.7666667","36.0","TOKYO, JA","  79.3","24","  66.4","24","1014.8","24","012.1","24"," 15.1"," 7","  4.7","24","  8.9","999.9","  86.4","*","  67.1"," "," 0.00","I","999.9","000000"
"47662099999","2022-09-17","35.6833333","139.7666667","36.0","TOKYO, JA","  80.5","24","  72.5","24","1014.4","24","011.6","24"," 13.3"," 7","  4.6","24","  9.9","999.9","  87.3","*","  73.0"," ","99.99"," ","999.9","010000"
"47662099999","2022-09-18","35.6833333","139.7666667","36.0","TOKYO, JA","  78.4","24","  78.0","24","1009.2","24","006.4","24","  5.9"," 7","  6.7","24","  9.9","999.9","  81.7","*","  74.7"," "," 0.06","G","999.9","010010"
"47662099999","2022-09-19","35.6833333","139.7666667","36.0","TOKYO, JA","  80.9","24","  77.6","24"," 998.9","24","996.2","24","  5.9"," 7"," 13.1","24"," 17.1","999.9","  86.5","*","  76.5"," "," 2.85","G","999.9","010000"
"47662099999","2022-09-20","35.6833333","139.7666667","36.0","TOKYO, JA","  66.6","24","  64.5","24","1006.7","24","003.9","24","  6.7"," 7","  6.9","24"," 11.1","999.9","  80.1","*","  61.9","*"," 1.28","G","999.9","010000"
"47662099999","2022-09-21","35.6833333","139.7666667","36.0","TOKYO, JA","  67.6","23","  56.9","23","1018.4","23","015.6","23"," 13.8"," 7","  5.6","23","  8.0","999.9","  73.2","*","  61.7"," "," 1.36","G","999.9","000000"
"47662099999","2022-09-22","35.6833333","139.7666667","36.0","TOKYO, JA","  69.6","24","  61.2","24","1019.0","24","016.2","24"," 12.3"," 7","  5.5","24","  9.9","999.9","  75.4","*","  63.0"," "," 0.00","G","999.9","010000"
"47662099999","2022-09-23","35.6833333","139.7666667","36.0","TOKYO, JA","  72.9","24","  71.0","22","1011.6","24","008.8","24","  5.7"," 7","  4.1","24"," 15.9","999.9","  76.6","*","  66.2"," "," 0.02","G","999.9","010000"
"47662099999","2022-09-24","35.6833333","139.7666667","36.0","TOKYO, JA","  72.6","24","  71.3","24","1011.1","24","008.3","24","  7.4"," 7","  5.6","24","  9.9","999.9","  77.9","*","  68.4","*"," 3.60","G","999.9","010010"
"47662099999","2022-09-25","35.6833333","139.7666667","36.0","TOKYO, JA","  72.3","24","  63.5","24","1016.2","24","013.3","24"," 13.8"," 7","  4.7","24","  8.9","999.9","  80.6","*","  65.5","*"," 1.18","G","999.9","000000"
"47662099999","2022-09-26","35.6833333","139.7666667","36.0","TOKYO, JA","  74.6","24","  65.8","24","1015.8","24","013.0","24"," 11.5"," 7","  4.2","24","  8.0","999.9","  82.6","*","  65.3"," "," 0.00","G","999.9","000000"
"47662099999","2022-09-27","35.6833333","139.7666667","36.0","TOKYO, JA","  73.5","24","  63.1","24","1013.4","24","010.6","24"," 13.3"," 7","  5.3","24","  8.9","999.9","  83.3","*","  66.6","*","99.99"," ","999.9","010000"
"47662099999","2022-09-28","35.6833333","139.7666667","36.0","TOKYO, JA","  73.4","24","  60.1","24","1010.6","24","007.8","24"," 16.0"," 7","  4.1","24","  7.0","999.9","  81.0","*","  65.7"," "," 0.00","I","999.9","000000"
"47662099999","2022-09-29","35.6833333","139.7666667","36.0","TOKYO, JA","  72.1","24","  63.3","24","1014.7","24","011.9","24"," 11.5"," 7","  4.1","24","  8.0","999.9","  78.4","*","  67.1","*","99.99"," ","999.9","010000"
"47662099999","2022-09-30","35.6833333","139.7666667","36.0","TOKYO, JA","  73.9","24","  62.3","24","1016.7","24","013.9","24"," 12.4"," 7","  4.7","24","  6.0","999.9","  81.7","*","  66.6"," ","99.99"," ","999.9","010000"
"47662099999","2022-10-01","35.6833333","139.7666667","36.0","TOKYO, JA","  73.9","24","  62.0","24","1017.8","24","015.0","24"," 15.5"," 7","  4.7","24","  8.0","999.9","  83.7","*","  66.6","*"," 0.00","I","999.9","000000"
"47662099999","2022-10-02","35.6833333","139.7666667","36.0","TOKYO, JA","  74.7","24","  61.8","24","1022.4","24","019.5","24"," 15.5"," 7","  4.3","24","  8.0","999.9","  84.2","*","  66.0"," "," 0.00","I","999.9","000000"
"47662099999","2022-10-03","35.6833333","139.7666667","36.0","TOKYO, JA","  74.2","24","  65.6","24","1019.2","24","016.4","24"," 10.2"," 7","  5.2","24","  8.0","999.9","  81.1","*","  68.2"," "," 0.00","I","999.9","000000"
"47662099999","2022-10-04","35.6833333","139.7666667","36.0","TOKYO, JA","  77.9","24","  66.8","24","1009.7","24","006.9","24"," 12.4"," 7","  8.2","24"," 15.0","999.9","  84.0","*","  68.9"," "," 0.00","G","999.9","000000"
"47662099999","2022-10-05","35.6833333","139.7666667","36.0","TOKYO, JA","  62.1","24","  60.0","24","1016.9","24","014.1","24","  5.7"," 7","  6.6","24","  8.9","999.9","  73.8","*","  55.8","*","99.99"," ","999.9","010000"
"47662099999","2022-10-06","35.6833333","139.7666667","36.0","TOKYO, JA","  54.7","24","  52.0","24","1021.2","24","018.3","24"," 11.0"," 7","  5.5","24","  8.9","999.9","  56.5","*","  53.2","*"," 0.63","G","999.9","010000"
"47662099999","2022-10-07","35.6833333","139.7666667","36.0","TOKYO, JA","  54.4","24","  54.0","24","1014.7","24","011.8","24","  7.2"," 7","  5.8","24","  9.9","999.9","  58.5","*","  52.7"," "," 0.35","G","999.9","010000"
"47662099999","2022-10-08","35.6833333","139.7666667","36.0","TOKYO, JA","  62.4","24","  56.3","24","1022.5","24","019.6","24"," 17.3"," 7","  3.9","24","  6.0","999.9","  68.4","*","  53.8"," "," 2.01","G","999.9","000000"
"47662099999","2022-10-09","35.6833333","139.7666667","36.0","TOKYO, JA","  62.6","24","  59.1","24","1020.0","24","017.1","24"," 10.7"," 7","  4.0","24","  7.0","999.9","  69.1","*","  57.7"," "," 0.00","G","999.9","010000"
"47662099999","2022-10-10","35.6833333","139.7666667","36.0","TOKYO, JA","  67.5","23","  63.4","23","1007.9","23","005.1","23","  9.7"," 7","  4.7","23"," 14.0","999.9","  72.5","*","  58.5"," "," 0.65","G","999.9","010000"
"47662099999","2022-10-11","35.6833333","139.7666667","36.0","TOKYO, JA","  69.4","24","  55.0","24","1016.4","24","013.6","24"," 17.8"," 7","  4.7","24","  8.9","999.9","  77.5","*","  63.5","*"," 0.00","G","999.9","000000"
"47662099999","2022-10-12","35.6833333","139.7666667","36.0","TOKYO, JA","  64.0","24","  56.3","24","1025.7","24","022.8","24"," 14.6"," 7","  4.7","24","  7.0","999.9","  67.3","*","  59.4","*"," 0.00","G","999.9","010000"
"47662099999","2022-10-13","35.6833333","139.7666667","36.0","TOKYO, JA","  60.0","22","  58.0","22","1022.8","22","019.9","22","  6.0"," 7","  6.2","22","  9.9","999.9","  62.1"," ","  58.8"," "," 0.06","G","999.9","010000"
"47662099999","2022-10-14","35.6833333","139.7666667","36.0","TOKYO, JA","  66.5","22","  61.5","22","1018.0","22","015.1","22","  7.8"," 6","  4.0","22","  6.0","999.9","  68.7","*","  63.5","*"," 0.00","G","999.9","010000"
"47662099999","2022-10-15","35.6833333","139.7666667","36.0","TOKYO, JA","  67.7","24","  61.4","24","1018.5","24","015.7","24"," 15.1"," 7","  3.2","24","  6.0","999.9","  76.1","*","  61.5","*"," 0.02","G","999.9","000000"
"47662099999","2022-10-16","35.6833333","139.7666667","36.0","TOKYO, JA","  69.6","22","  63.6","22","1017.3","22","014.5","22"," 11.5"," 7","  3.2","22","  6.0","999.9","  76.3","*","  61.0"," "," 0.00","G","999.9","010000"
"47662099999","2022-10-17","35.6833333","139.7666667","36.0","TOKYO, JA","  66.3","18","  65.3","18","1007.8","18","005.0","18","  4.0"," 5","  3.3","18","  6.0","999.9","  70.5","*","  60.4","*"," 0.04","E","999.9","010000"
"47662099999","2022-10-18","35.6833333","139.7666667","36.0","TOKYO, JA","  58.4","23","  52.9","23","1016.7","23","013.8","23"," 12.4"," 6","  5.4","23","  8.0","999.9","  64.6","*","  52.9","*"," 0.00","E","999.9","010000"
"47662099999","2022-10-19","35.6833333","139.7666667","36.0","TOKYO, JA","  57.7","24","  44.7","24","1022.3","24","019.4","24"," 17.3"," 7","  3.6","24","  5.1","999.9","  64.8","*","  49.6","*"," 0.10","G","999.9","000000"
"47662099999","2022-10-20","35.6833333","139.7666667","36.0","TOKYO, JA","  59.3","22","  44.5","22","1026.6","22","023.7","22"," 17.3"," 7","  4.2","22","  6.0","999.9","  67.6","*","  49.5"," "," 0.00","G","999.9","000000"
"47662099999","2022-10-21","35.6833333","139.7666667","36.0","TOKYO, JA","  63.9","22","  53.6","22","1023.3","22","020.4","22"," 13.5"," 6","  5.0","22","  9.9","999.9","  72.1","*","  58.5","*"," 0.00","E","999.9","000000"
"47662099999","2022-10-22","35.6833333","139.7666667","36.0","TOKYO, JA","  61.4","24","  55.2","24","1015.7","24","012.9","24"," 11.1"," 7","  2.6","24","  5.1","999.9","  69.1","*","  55.8","*"," 0.00","G","999.9","000000"
"47662099999","2022-10-23","35.6833333","139.7666667","36.0","TOKYO, JA","  64.8","24","  53.1","24","1010.1","24","007.3","24","  9.8"," 7","  4.8","24","  8.9","999.9","  73.9","*","  55.6"," "," 0.00","G","999.9","010000"
"47662099999","2022-10-24","35.6833333","139.7666667","36.0","TOKYO, JA","  54.4","24","  45.4","24","1016.1","24","013.2","24"," 10.7"," 7","  5.9","24","  8.9","999.9","  57.0","*","  52.9","*"," 0.00","G","999.9","010000"
"47662099999","2022-10-25","35.6833333","139.7666667","36.0","TOKYO, JA","  54.6","24","  40.6","24","1022.3","24","019.3","24"," 16.4"," 7","  5.9","24","  7.0","999.9","  57.6","*","  49.3","*"," 0.00","G","999.9","010000"
"47662099999","2022-10-26","35.6833333","139.7666667","36.0","TOKYO, JA","  56.0","24","  41.2","24","1026.2","24","023.3","24"," 19.5"," 7","  4.7","24","  8.0","999.9","  65.3","*","  48.4","*"," 0.16","G","999.9","000000"
"47662099999","2022-10-27","35.6833333","139.7666667","36.0","TOKYO, JA","  55.7","24","  44.3","24","1025.7","24","022.8","24"," 12.9"," 7","  3.4","24","  6.0","999.9","  62.2","*","  47.3"," "," 0.00","G","999.9","000000"
"47662099999","2022-10-28","35.6833333","139.7666667","36.0","TOKYO, JA","  57.2","24","  48.3","24","1022.7","24","019.8","24"," 14.6"," 7","  3.2","24","  5.1","999.9","  65.3","*","  49.8"," "," 0.00","G","999.9","000000"
"47662099999","2022-10-29","35.6833333","139.7666667","36.0","TOKYO, JA","  60.3","24","  43.0","24","1021.3","24","018.4","24"," 19.1"," 7","  4.2","24","  7.0","999.9","  70.5","*","  51.4"," "," 0.00","G","999.9","000000"
"47662099999","2022-10-30","35.6833333","139.7666667","36.0","TOKYO, JA","  56.4","24","  42.3","24","1023.2","24","020.2","24"," 19.5"," 7","  3.4","24","  6.0","999.9","  64.8","*","  50.4"," "," 0.00","G","999.9","000000"
"47662099999","2022-10-31","35.6833333","139.7666667","36.0","TOKYO, JA","  59.3","24","  46.0","24","1025.6","24","022.7","24"," 19.1"," 7","  4.8","24","  8.0","999.9","  66.7","*","  50.5"," "," 0.00","G","999.9","000000"
"47662099999","2022-11-01","35.6833333","139.7666667","36.0","TOKYO, JA","  58.8","24","  50.0","24","1020.3","24","017.4","24"," 14.6"," 7","  3.9","24","  6.0","999.9","  63.1","*","  53.4","*"," 0.00","G","999.9","010000"
"47662099999","2022-11-02","35.6833333","139.7666667","36.0","TOKYO, JA","  62.8","24","  53.1","24","1016.7","24","013.8","24"," 13.8"," 7","  3.6","24","  7.0","999.9","  72.1","*","  52.9"," "," 0.00","G","999.9","000000"
"47662099999","2022-11-03","35.6833333","139.7666667","36.0","TOKYO, JA","  63.7","24","  52.5","24","1010.8","24","007.9","24"," 16.4"," 7","  4.2","24","  8.9","999.9","  74.8","*","  54.5","*"," 0.00","G","999.9","000000"
"47662099999","2022-11-04","35.6833333","139.7666667","36.0","TOKYO, JA","  59.2","24","  46.8","24","1014.5","24","011.6","24"," 14.6"," 7","  5.2","24","  8.9","999.9","  67.5","*","  53.4"," "," 0.00","G","999.9","010000"
"47662099999","2022-11-05","35.6833333","139.7666667","36.0","TOKYO, JA","  55.9","22","  41.6","22","1019.8","22","016.9","22"," 14.6"," 7","  3.8","22","  6.0","999.9","  61.9","*","  50.4","*"," 0.00","G","999.9","010000"
"47662099999","2022-11-06","35.6833333","139.7666667","36.0","TOKYO, JA","  56.2","24","  43.3","24","1023.0","24","020.1","24"," 17.8"," 7","  3.9","24","  7.0","999.9","  63.5","*","  50.0"," "," 0.00","G","999.9","000000"
"47662099999","2022-11-07","35.6833333","139.7666667","36.0","TOKYO, JA","  57.9","24","  48.2","24","1019.9","24","017.0","24"," 12.9"," 7","  3.4","24","  6.0","999.9","  63.9","*","  49.3"," "," 0.00","G","999.9","000000"
"47662099999","2022-11-08","35.6833333","139.7666667","36.0","TOKYO, JA","  60.2","24","  40.5","24","1021.1","24","018.2","24"," 16.0"," 7","  4.4","24","  8.0","999.9","  70.7","*","  51.8"," "," 0.00","G","999.9","000000"
"47662099999","2022-11-09","35.6833333","139.7666667","36.0","TOKYO, JA","  57.9","24","  44.7","24","1025.1","24","022.2","24"," 16.0"," 7","  3.9","24","  7.0","999.9","  65.5","*","  50.7"," "," 0.00","G","999.9","000000"
"47662099999","2022-11-10","35.6833333","139.7666667","36.0","TOKYO, JA","  59.9","24","  46.9","24","1023.1","24","020.2","24"," 10.7"," 7","  3.5","23","  6.0","999.9","  69.8","*","  49.8"," "," 0.00","G","999.9","000000"
"47662099999","2022-11-11","35.6833333","139.7666667","36.0","TOKYO, JA","  61.9","24","  51.0","24","1026.9","24","024.0","24"," 10.7"," 7","  4.0","24","  7.0","999.9","  70.3","*","  50.7"," "," 0.00","G","999.9","000000"
"47662099999","2022-11-12","35.6833333","139.7666667","36.0","TOKYO, JA","  61.8","24","  55.5","24","1020.9","24","018.0","24","  9.3"," 7","  2.6","24","  5.1","999.9","  70.7","*","  55.6"," "," 0.00","G","999.9","000000"
"47662099999","2022-11-13","35.6833333","139.7666667","36.0","TOKYO, JA","  65.5","24","  54.7","24","1007.3","24","004.4","24"," 11.1"," 7","  8.2","24"," 13.0","999.9","  74.1","*","  55.4"," "," 0.00","G","999.9","010000"
"47662099999","2022-11-14","35.6833333","139.7666667","36.0","TOKYO, JA","  58.1","24","  44.9","24","1012.2","24","009.3","24"," 16.0"," 7","  5.4","24","  8.9","999.9","  64.4","*","  50.0","*"," 0.02","G","999.9","010000"
"47662099999","2022-11-15","35.6833333","139.7666667","36.0","TOKYO, JA","  50.7","24","  49.0","24","1010.3","24","007.4","24"," 10.9"," 7","  4.3","24","  7.0","999.9","  55.4","*","  47.7","*"," 0.20","G","999.9","010000"
"47662099999","2022-11-16","35.6833333","139.7666667","36.0","TOKYO, JA","  54.6","24","  39.2","24","1017.5","24","014.6","24"," 20.9"," 7","  4.2","24","  7.0","999.9","  63.0","*","  46.9"," "," 0.04","G","999.9","000000"
"47662099999","2022-11-17","35.6833333","139.7666667","36.0","TOKYO, JA","  55.8","23","  41.5","23","1023.9","23","020.9","23"," 10.2"," 7","  3.6","23","  5.1","999.9","  63.0","*","  45.9"," "," 0.00","G","999.9","000000"
"47662099999","2022-11-18","35.6833333","139.7666667","36.0","TOKYO, JA","  55.8","24","  45.3","24","1024.1","24","021.2","24"," 12.9"," 7","  3.8","24","  7.0","999.9","  62.6","*","  48.6"," "," 0.00","G","999.9","000000"
"47662099999","2022-11-19","35.6833333","139.7666667","36.0","TOKYO, JA","  57.0","24","  42.6","24","1024.6","24","021.7","24"," 11.1"," 7","  3.9","24","  8.0","999.9","  64.8","*","  48.0"," "," 0.00","G","999.9","000000"
"47662099999","2022-11-20","35.6833333","139.7666667","36.0","TOKYO, JA","  53.1","24","  49.4","24","1021.8","24","018.8","24","  7.6"," 7","  5.1","24","  8.0","999.9","  56.7","*","  50.5"," "," 0.00","G","999.9","010000"
"47662099999","2022-11-21","35.6833333","139.7666667","36.0","TOKYO, JA","  56.0","24","  54.1","24","1017.5","24","014.6","24"," 11.5"," 7","  3.3","24","  6.0","999.9","  63.5","*","  50.5","*"," 0.35","G","999.9","010000"
"47662099999","2022-11-22","35.6833333","139.7666667","36.0","TOKYO, JA","  60.8","24","  50.0","24","1019.8","24","017.0","24"," 12.0"," 7","  4.5","24","  7.0","999.9","  68.2","*","  50.2"," "," 0.00","G","999.9","010000"
"47662099999","2022-11-23","35.6833333","139.7666667","36.0","TOKYO, JA","  52.0","24","  51.2","24","1010.7","24","007.8","24","  7.9"," 7","  5.8","24","  9.9","999.9","  57.7","*","  49.6","*"," 0.22","G","999.9","010000"
"47662099999","2022-11-24","35.6833333","139.7666667","36.0","TOKYO, JA","  59.9","23","  45.3","23","1014.8","23","011.9","23"," 18.6"," 7","  5.3","23"," 12.0","999.9","  68.2","*","  49.1"," "," 1.46","G","999.9","000000"
"47662099999","2022-11-25","35.6833333","139.7666667","36.0","TOKYO, JA","  56.2","24","  44.9","24","1020.5","24","017.6","24"," 15.5"," 7","  4.5","24"," 11.1","999.9","  62.8","*","  50.9"," "," 0.02","G","999.9","010000"
"47662099999","2022-11-26","35.6833333","139.7666667","36.0","TOKYO, JA","  55.5","23","  48.7","23","1012.3","23","009.4","23"," 11.1"," 7","  3.6","23","  7.0","999.9","  60.6","*","  50.9"," "," 0.00","G","999.9","010000"
"47662099999","2022-11-27","35.6833333","139.7666667","36.0","TOKYO, JA","  56.5","23","  38.6","23","1021.9","23","019.0","23"," 21.7"," 7","  4.8","23","  8.9","999.9","  66.2","*","  47.8","*"," 0.04","G","999.9","000000"
"47662099999","2022-11-28","35.6833333","139.7666667","36.0","TOKYO, JA","  54.7","23","  44.9","23","1025.3","23","022.4","23"," 13.3"," 7","  2.8","23","  4.1","999.9","  56.7","*","  47.1"," "," 0.00","G","999.9","010000"
"47662099999","2022-11-29","35.6833333","139.7666667","36.0","TOKYO, JA","  64.4","23","  61.4","23","1010.6","23","007.7","23","  6.2"," 7","  7.4","23"," 14.0","999.9","  70.2","*","  52.9"," "," 0.00","G","999.9","010000"
"47662099999","2022-11-30","35.6833333","139.7666667","36.0","TOKYO, JA","  59.7","23","  47.8","23","1012.4","23","009.5","23"," 18.2"," 7","  4.3","23","  7.0","999.9","  65.8","*","  52.0","*"," 1.69","G","999.9","010000"
"47662099999","2022-12-01","35.6833333","139.7666667","36.0","TOKYO, JA","  48.3","23","  41.9","23","1017.7","23","014.7","23"," 11.1"," 7","  4.2","23","  7.0","999.9","  50.9","*","  46.9","*"," 0.00","G","999.9","010000"
"47662099999","2022-12-02","35.6833333","139.7666667","36.0","TOKYO, JA","  47.5","23","  33.1","23","1024.5","23","021.5","23"," 20.0"," 7","  5.0","23","  8.0","999.9","  55.4","*","  42.1","*"," 0.02","G","999.9","000000"
"47662099999","2022-12-03","35.6833333","139.7666667","36.0","TOKYO, JA","  46.2","23","  38.2","23","1020.8","23","017.8","23"," 18.2"," 7","  2.9","23","  8.0","999.9","  51.8","*","  41.2","*"," 0.00","G","999.9","000000"
"47662099999","2022-12-04","35.6833333","139.7666667","36.0","TOKYO, JA","  52.2","24","  37.8","24","1018.5","24","015.5","24"," 14.2"," 7","  3.5","24","  8.0","999.9","  59.0","*","  40.8"," "," 0.00","G","999.9","010000"
"47662099999","2022-12-05","35.6833333","139.7666667","36.0","TOKYO, JA","  43.1","23","  39.8","23","1018.9","23","015.9","23"," 10.1"," 7","  4.8","23","  7.0","999.9","  48.6","*","  39.6","*"," 0.00","G","999.9","010000"
"47662099999","2022-12-06","35.6833333","139.7666667","36.0","TOKYO, JA","  43.1","23","  41.4","23","1014.3","23","011.3","23"," 10.7"," 7","  3.2","23","  5.1","999.9","  46.8","*","  39.4"," "," 1.14","G","999.9","010000"
"47662099999","2022-12-07","35.6833333","139.7666667","36.0","TOKYO, JA","  48.0","23","  36.0","23","1016.0","23","013.1","23"," 18.6"," 7","  2.9","23","  6.0","999.9","  57.0","*","  38.5"," "," 0.00","G","999.9","000000"
"47662099999","2022-12-08","35.6833333","139.7666667","36.0","TOKYO, JA","  49.8","23","  34.0","23","1019.4","23","016.5","23"," 18.6"," 7","  3.3","23","  6.0","999.9","  58.3","*","  39.7"," "," 0.00","G","999.9","000000"
"47662099999","2022-12-09","35.6833333","139.7666667","36.0","TOKYO, JA","  49.2","23","  38.8","23","1019.5","23","016.5","23"," 16.4"," 7","  3.7","23","  6.0","999.9","  55.2","*","  41.0"," "," 0.00","G","999.9","000000"
"47662099999","2022-12-10","35.6833333","139.7666667","36.0","TOKYO, JA","  51.3","23","  39.1","23","1014.7","23","011.8","23","  9.8"," 7","  3.3","23","  6.0","999.9","  59.9","*","  41.0"," "," 0.00","G","999.9","000000"
"47662099999","2022-12-11","35.6833333","139.7666667","36.0","TOKYO, JA","  48.9","24","  38.8","24","1015.1","24","012.1","24"," 12.9"," 7","  4.8","24","  9.9","999.9","  57.4","*","  43.2","*"," 0.00","G","999.9","010000"
"47662099999","2022-12-12","35.6833333","139.7666667","36.0","TOKYO, JA","  46.4","23","  33.2","23","1020.2","23","017.2","23"," 18.2"," 7","  4.2","23","  7.0","999.9","  52.0","*","  41.9","*"," 0.00","G","999.9","010000"
"47662099999","2022-12-13","35.6833333","139.7666667","36.0","TOKYO, JA","  45.8","22","  42.0","22","1008.3","22","005.3","22"," 11.1"," 7","  3.7","22","  7.0","999.9","  49.8","*","  41.5"," "," 0.10","G","999.9","010000"
"47662099999","2022-12-14","35.6833333","139.7666667","36.0","TOKYO, JA","  46.8","23","  25.2","23","1010.9","23","007.9","23"," 16.4"," 7","  5.9","23"," 11.1","999.9","  57.9","*","  37.9","*"," 0.04","G","999.9","000000"
"47662099999","2022-12-15","35.6833333","139.7666667","36.0","TOKYO, JA","  44.9","22","  26.9","22","1015.1","22","012.1","22"," 19.5"," 7","  3.4","22","  7.0","999.9","  53.2","*","  37.2","*"," 0.00","G","999.9","000000"
"47662099999","2022-12-16","35.6833333","139.7666667","36.0","TOKYO, JA","  47.8","21","  28.4","21","1019.9","21","016.9","21"," 18.6"," 6","  3.8","21","  5.1","999.9","  56.3","*","  42.6","*"," 0.00","E","999.9","000000"
"47662099999","2022-12-17","35.6833333","139.7666667","36.0","TOKYO, JA","  43.6","24","  36.6","24","1010.0","24","007.0","24"," 12.3"," 7","  3.4","24","  6.0","999.9","  47.5","*","  40.5","*"," 0.00","G","999.9","010000"
"47662099999","2022-12-18","35.6833333","139.7666667","36.0","TOKYO, JA","  41.5","24","  17.5","24","1009.2","24","006.2","24"," 17.3"," 7","  6.0","24"," 12.0","999.9","  50.4","*","  33.1","*"," 0.24","G","999.9","010000"
"47662099999","2022-12-19","35.6833333","139.7666667","36.0","TOKYO, JA","  41.0","24","  17.6","24","1016.9","24","013.9","24"," 18.6"," 7","  3.1","24","  6.0","999.9","  48.6","*","  32.0"," "," 0.00","G","999.9","000000"
"47662099999","2022-12-20","35.6833333","139.7666667","36.0","TOKYO, JA","  42.8","24","  25.2","24","1021.2","24","018.2","24"," 18.2"," 7","  3.3","24","  6.0","999.9","  50.2","*","  33.4"," "," 0.00","G","999.9","000000"
"47662099999","2022-12-21","35.6833333","139.7666667","36.0","TOKYO, JA","  44.6","24","  33.5","24","1012.2","24","009.2","24"," 14.1"," 7","  3.4","24","  6.0","999.9","  49.6","*","  37.0"," "," 0.00","G","999.9","010000"
"47662099999","2022-12-22","35.6833333","139.7666667","36.0","TOKYO, JA","  45.2","24","  34.8","24"," 991.8","24","988.9","24"," 10.5"," 7","  6.6","24"," 11.1","999.9","  50.7","*","  39.4"," "," 0.51","G","999.9","010000"
"47662099999","2022-12-23","35.6833333","139.7666667","36.0","TOKYO, JA","  39.7","24","   8.1","24"," 995.6","24","992.7","24"," 19.1"," 7","  8.7","24"," 14.0","999.9","  46.0","*","  35.2","*"," 0.18","G","999.9","000000"
"47662099999","2022-12-24","35.6833333","139.7666667","36.0","TOKYO, JA","  43.6","24","  26.7","24","1001.6","24","998.7","24"," 18.6"," 7","  5.3","24","  8.0","999.9","  51.8","*","  31.8"," "," 0.00","G","999.9","000000"
"47662099999","2022-12-25","35.6833333","139.7666667","36.0","TOKYO, JA","  44.8","24","  24.0","24","1007.1","24","004.2","24"," 18.6"," 7","  6.5","24"," 12.0","999.9","  55.2","*","  35.2"," "," 0.00","G","999.9","000000"
"47662099999","2022-12-26","35.6833333","139.7666667","36.0","TOKYO, JA","  43.2","24","  23.4","24","1015.8","24","012.8","24"," 19.5"," 7","  6.8","24"," 12.0","999.9","  51.4","*","  35.2"," "," 0.00","G","999.9","000000"
"47662099999","2022-12-27","35.6833333","139.7666667","36.0","TOKYO, JA","  44.6","24","  26.8","24","1022.6","24","019.6","24"," 19.1"," 7","  4.6","24","  8.9","999.9","  53.8","*","  35.6"," "," 0.00","G","999.9","000000"
"47662099999","2022-12-28","35.6833333","139.7666667","36.0","TOKYO, JA","  44.2","24","  31.8","24","1019.7","24","016.7","24"," 18.6"," 7","  2.8","24","  5.1","999.9","  53.1","*","  37.0"," "," 0.00","G","999.9","000000"
"47662099999","2022-12-29","35.6833333","139.7666667","36.0","TOKYO, JA","  46.5","24","  26.5","24","1020.0","24","017.0","24"," 18.6"," 7","  4.2","24","  7.0","999.9","  55.9","*","  37.2"," "," 0.00","G","999.9","000000"
"47662099999","2022-12-30","35.6833333","139.7666667","36.0","TOKYO, JA","  43.6","24","  26.3","24","1022.8","24","019.8","24"," 18.2"," 7","  3.8","24","  6.0","999.9","  51.6","*","  37.0"," "," 0.00","G","999.9","000000"
"47662099999","2022-12-31","35.6833333","139.7666667","36.0","TOKYO, JA","  41.4","24","  30.5","24","1021.7","24","018.7","24"," 17.3"," 7","  2.5","24","  5.1","999.9","  50.4","*","  34.3","*"," 0.00","G","999.9","000000"
